"Product ID","Original URL","Source URL","Name","Description","Image URL","Category","Price visible","Rating","Reviews","Orders","Status","Status reason","Captured at"
"1005006943108856","https://www.aliexpress.com/item/1005006943108856.html","https://es.aliexpress.com/item/1005006943108856.html?algo_pvid=4ffc799b-a469-4f1e-8963-61ec3ca6e3b8&algo_exp_id=4ffc799b-a469-4f1e-8963-61ec3ca6e3b8-6&pdp_ext_f=%7B%22order%22%3A%22-1%22%2C%22eval%22%3A%221%22%2C%22fromPage%22%3A%22search%22%7D&pdp_npi=6%40dis%21USD%2190.77%2130.77%21%21%21612.10%21207.49%21%40210393bd17844660869148105e109a%2112000044200278876%21sea%21MX%218277798511%21ABX%211%210%21n_tag%3A-29910%3Bd%3A2c2cb604%3Bm03_new_user%3A-29895%3BpisId%3A5000000210887489&curPageLogUid=3tbSWD1WibzX&utparam-url=scene%3Asearch%7Cquery_from%3A%7Cx_object_id%3A1005006943108856%7C_p_origin_prod%3A","2/3 Uds sartén 22/24/26/28CM 304 sartén Wok de acero inoxidable de 2MM de espesor sartenes antiadherentes de acero de 5 capas de calidad alimentaria para olla de cocina","2/3 Uds sartén 22/24/26/28CM 304 sartén Wok de acero inoxidable de 2MM de espesor sartenes antiadherentes de acero de 5 capas de calidad alimentaria para olla de cocina. Producto seleccionado por Atlas Secreto. Revisa variantes, especificaciones, disponibilidad y condiciones de envío antes de comprar.","https://ae-pic-a1.aliexpress-media.com/kf/S9b6fe3d400ec4f54954a2c7e1dc53433d.jpg_480x480q75.jpg_.avif","HOGAR","$30.77","","","","VALIDO_PORTALS","URL válida; no visibles: valoración, ventas","2026-07-19T13:02:26.989Z"
"1005008517377656","https://www.aliexpress.com/item/1005008517377656.html","https://es.aliexpress.com/item/1005008517377656.html?algo_pvid=4ffc799b-a469-4f1e-8963-61ec3ca6e3b8&algo_exp_id=4ffc799b-a469-4f1e-8963-61ec3ca6e3b8-9&pdp_ext_f=%7B%22order%22%3A%22-1%22%2C%22eval%22%3A%221%22%2C%22fromPage%22%3A%22search%22%7D&pdp_npi=6%40dis%21USD%2153.01%2125.50%21%21%21357.47%21171.99%21%40210393bd17844660869148105e109a%2112000045555351922%21sea%21MX%218277798511%21ABX%211%210%21n_tag%3A-29910%3Bd%3A2c2cb604%3Bm03_new_user%3A-29895%3BpisId%3A5000000210887489&curPageLogUid=nQpMK6US11EQ&utparam-url=scene%3Asearch%7Cquery_from%3A%7Cx_object_id%3A1005008517377656%7C_p_origin_prod%3A","220V 4 pulgadas 6 pulgadas 8 pulgadas colgante de pared Ventilador blanco pequeño Extractor Extractor de aire inodoro baño Cocina Ventilador","220V 4 pulgadas 6 pulgadas 8 pulgadas colgante de pared Ventilador blanco pequeño Extractor Extractor de aire inodoro baño Cocina Ventilador. Producto seleccionado por Atlas Secreto. Revisa variantes, especificaciones, disponibilidad y condiciones de envío antes de comprar.","https://ae-pic-a1.aliexpress-media.com/kf/S7107ae0bcdf34164a1aac790e79edf0bw.jpg_480x480q75.jpg_.avif","HOGAR","$25.5","","","","VALIDO_PORTALS","URL válida; no visibles: valoración, ventas","2026-07-19T13:02:26.992Z"
"1005008205688527","https://www.aliexpress.com/item/1005008205688527.html","https://es.aliexpress.com/item/1005008205688527.html?algo_pvid=4ffc799b-a469-4f1e-8963-61ec3ca6e3b8&aem_p4p_detail=20260719060127489474576534110011715266&algo_exp_id=4ffc799b-a469-4f1e-8963-61ec3ca6e3b8-23&pdp_ext_f=%7B%22order%22%3A%22-1%22%2C%22spu_best_type%22%3A%22price%22%2C%22eval%22%3A%221%22%2C%22fromPage%22%3A%22search%22%7D&pdp_npi=6%40dis%21USD%216.39%215.15%21%21%2143.06%2134.68%21%40210393bd17844660869148105e109a%2112000044231165384%21sea%21MX%218277798511%21ABX%211%210%21n_tag%3A-29910%3Bd%3A2c2cb604%3Bm03_new_user%3A-29895%3BpisId%3A5000000210887489&curPageLogUid=BcrGN5L0dPKk&utparam-url=scene%3Asearch%7Cquery_from%3A%7Cx_object_id%3A1005008205688527%7C_p_origin_prod%3A&search_p4p_id=20260719060127489474576534110011715266_6","Accesorios para Robot Aspirador Dreame L40 Ultra / X40 Ultra: Bolsas para Polvo, Mopa, Cepillos Laterales, Paños, Filtros HEPA, Repuestos","Accesorios para Robot Aspirador Dreame L40 Ultra / X40 Ultra: Bolsas para Polvo, Mopa, Cepillos Laterales, Paños, Filtros HEPA, Repuestos. Producto seleccionado por Atlas Secreto. Revisa variantes, especificaciones, disponibilidad y condiciones de envío antes de comprar.","https://ae-pic-a1.aliexpress-media.com/kf/S0fd880a767d848a99698f759f00e31bed.jpg_480x480q75.jpg_.avif","HOGAR","$5.15","","","","VALIDO_PORTALS","URL válida; no visibles: valoración, ventas","2026-07-19T13:02:27.001Z"
"1005005567682818","https://www.aliexpress.com/item/1005005567682818.html","https://es.aliexpress.com/item/1005005567682818.html?algo_pvid=4ffc799b-a469-4f1e-8963-61ec3ca6e3b8&algo_exp_id=4ffc799b-a469-4f1e-8963-61ec3ca6e3b8-21&pdp_ext_f=%7B%22order%22%3A%22-1%22%2C%22spu_best_type%22%3A%22price%22%2C%22eval%22%3A%221%22%2C%22fromPage%22%3A%22search%22%7D&pdp_npi=6%40dis%21USD%2114.60%217.30%21%21%2198.47%2149.23%21%40210393bd17844660869148105e109a%2112000033582272995%21sea%21MX%218277798511%21ABX%211%210%21n_tag%3A-29910%3Bd%3A2c2cb604%3Bm03_new_user%3A-29895&curPageLogUid=ETqGOd9ubMGi&utparam-url=scene%3Asearch%7Cquery_from%3A%7Cx_object_id%3A1005005567682818%7C_p_origin_prod%3A","Alfombra de cocina antideslizante lavable DIY, felpudo largo para pasillo, entrada de pasillo de baño, alfombra de cocina a rayas de Color sólido","Alfombra de cocina antideslizante lavable DIY, felpudo largo para pasillo, entrada de pasillo de baño, alfombra de cocina a rayas de Color sólido. Producto seleccionado por Atlas Secreto. Revisa variantes, especificaciones, disponibilidad y condiciones de envío antes de comprar.","https://ae-pic-a1.aliexpress-media.com/kf/Sd5f336e207b24c83a309286d6d781de8R.jpg_480x480q75.jpg_.avif","HOGAR","$7.34","","","","VALIDO_PORTALS","URL válida; no visibles: valoración, ventas","2026-07-19T13:02:27.000Z"
"1005007729760231","https://www.aliexpress.com/item/1005007729760231.html","https://es.aliexpress.com/item/1005007729760231.html?algo_pvid=4ffc799b-a469-4f1e-8963-61ec3ca6e3b8&algo_exp_id=4ffc799b-a469-4f1e-8963-61ec3ca6e3b8-29&pdp_ext_f=%7B%22order%22%3A%22-1%22%2C%22eval%22%3A%221%22%2C%22fromPage%22%3A%22search%22%7D&pdp_npi=6%40dis%21USD%2112.57%215.66%21%21%2184.77%2138.19%21%40210393bd17844660869148105e109a%2112000042011751034%21sea%21MX%218277798511%21ABX%211%210%21n_tag%3A-29910%3Bd%3A2c2cb604%3Bm03_new_user%3A-29895%3BpisId%3A5000000210887489&curPageLogUid=VU7dA266ZCsC&utparam-url=scene%3Asearch%7Cquery_from%3A%7Cx_object_id%3A1005007729760231%7C_p_origin_prod%3A","Alfombra rosa para dormitorio de niños, alfombra suave para suelo de niñas, decoración para sala de estar, alfombras grandes y esponjosas blancas para mesita de noche para niños","Alfombra rosa para dormitorio de niños, alfombra suave para suelo de niñas, decoración para sala de estar, alfombras grandes y esponjosas blancas para mesita de noche para niños. Producto seleccionado por Atlas Secreto. Revisa variantes, especificaciones, disponibilidad y condiciones de envío antes de comprar.","https://ae-pic-a1.aliexpress-media.com/kf/S4090b7dac63245c9bab2ddbb480df6b8A.jpg_480x480q75.jpg_.avif","HOGAR","$5.66","","","","VALIDO_PORTALS","URL válida; no visibles: valoración, ventas","2026-07-19T13:02:27.004Z"
"1005007144734548","https://www.aliexpress.com/item/1005007144734548.html","https://es.aliexpress.com/item/1005007144734548.html?algo_pvid=4ffc799b-a469-4f1e-8963-61ec3ca6e3b8&algo_exp_id=4ffc799b-a469-4f1e-8963-61ec3ca6e3b8-12&pdp_ext_f=%7B%22order%22%3A%22-1%22%2C%22spu_best_type%22%3A%22price%22%2C%22eval%22%3A%221%22%2C%22fromPage%22%3A%22search%22%7D&pdp_npi=6%40dis%21USD%2117.42%2110.15%21%21%2117.42%2110.15%21%40210393bd17844660869148105e109a%2112000039573601085%21sea%21MX%218277798511%21ABX%211%210%21n_tag%3A-29910%3Bd%3A2c2cb604%3Bm03_new_user%3A-29895%3BpisId%3A5000000210887489&curPageLogUid=Fir9GYejW2Hl&utparam-url=scene%3Asearch%7Cquery_from%3A%7Cx_object_id%3A1005007144734548%7C_p_origin_prod%3A","Alfombras grises para sala de estar, alfombras antideslizantes de terciopelo Coral para mesita de noche, alfombra grande y suave para suelo, alfombra de juego para niños,…","Alfombras grises para sala de estar, alfombras antideslizantes de terciopelo Coral para mesita de noche, alfombra grande y suave para suelo, alfombra de juego para niños,…. Producto seleccionado por Atlas Secreto. Revisa variantes, especificaciones, disponibilidad y condiciones de envío antes de comprar.","https://ae-pic-a1.aliexpress-media.com/kf/S966d44faa4824bc0b7c656d9a0c8f1faQ.jpg_480x480q75.jpg_.avif","HOGAR","$10.15","","","","VALIDO_PORTALS","URL válida; no visibles: valoración, ventas","2026-07-19T13:02:26.995Z"
"1005006150257209","https://www.aliexpress.com/item/1005006150257209.html","https://es.aliexpress.com/item/1005006150257209.html?algo_pvid=4ffc799b-a469-4f1e-8963-61ec3ca6e3b8&algo_exp_id=4ffc799b-a469-4f1e-8963-61ec3ca6e3b8-30&pdp_ext_f=%7B%22order%22%3A%22-1%22%2C%22spu_best_type%22%3A%22price%22%2C%22eval%22%3A%221%22%2C%22fromPage%22%3A%22search%22%7D&pdp_npi=6%40dis%21USD%2124.00%2111.00%21%21%21161.81%2174.16%21%40210393bd17844660869148105e109a%2112000039550922386%21sea%21MX%218277798511%21ABX%211%210%21n_tag%3A-29910%3Bd%3A2c2cb604%3Bm03_new_user%3A-29895%3BpisId%3A5000000210887489&curPageLogUid=jURpCyfArEy0&utparam-url=scene%3Asearch%7Cquery_from%3A%7Cx_object_id%3A1005006150257209%7C_p_origin_prod%3A","Controlador inteligente para puerta de garaje, controlador con WiFi, funciona con Alexa, Google Home, Smart Life, Tuya, No requiere Hub","Controlador inteligente para puerta de garaje, controlador con WiFi, funciona con Alexa, Google Home, Smart Life, Tuya, No requiere Hub. Producto seleccionado por Atlas Secreto. Revisa variantes, especificaciones, disponibilidad y condiciones de envío antes de comprar.","https://ae-pic-a1.aliexpress-media.com/kf/Sfd7c965dc8fb4ddcbf1b73f1e8672d44t.jpg_480x480q75.jpg_.avif","HOGAR","$11","","","","VALIDO_PORTALS","URL válida; no visibles: valoración, ventas","2026-07-19T13:02:27.005Z"
"1005006373451365","https://www.aliexpress.com/item/1005006373451365.html","https://es.aliexpress.com/item/1005006373451365.html?algo_pvid=4ffc799b-a469-4f1e-8963-61ec3ca6e3b8&algo_exp_id=4ffc799b-a469-4f1e-8963-61ec3ca6e3b8-28&pdp_ext_f=%7B%22order%22%3A%22-1%22%2C%22eval%22%3A%221%22%2C%22fromPage%22%3A%22search%22%7D&pdp_npi=6%40dis%21USD%2144.00%2122.00%21%21%21296.69%21148.34%21%40210393bd17844660869148105e109a%2112000036940467783%21sea%21MX%218277798511%21ABX%211%210%21n_tag%3A-29910%3Bd%3A2c2cb604%3Bm03_new_user%3A-29895&curPageLogUid=hdN5581scg2M&utparam-url=scene%3Asearch%7Cquery_from%3A%7Cx_object_id%3A1005006373451365%7C_p_origin_prod%3A","Difusor de aceites esenciales de 100ml, difusor de Aroma, función de sincronización, humidificador de aire ultrasónico hueco, electrodoméstico inteligente con luz LED","Difusor de aceites esenciales de 100ml, difusor de Aroma, función de sincronización, humidificador de aire ultrasónico hueco, electrodoméstico inteligente con luz LED. Producto seleccionado por Atlas Secreto. Revisa variantes, especificaciones, disponibilidad y condiciones de envío antes de comprar.","https://ae-pic-a1.aliexpress-media.com/kf/Sb022edb5920049d3b13c9736c85d145dC.jpg_480x480q75.jpg_.avif","HOGAR","$225","","","","VALIDO_PORTALS","URL válida; no visibles: valoración, ventas","2026-07-19T13:02:27.004Z"
"1005002388146817","https://www.aliexpress.com/item/1005002388146817.html","https://es.aliexpress.com/item/1005002388146817.html?algo_pvid=4ffc799b-a469-4f1e-8963-61ec3ca6e3b8&algo_exp_id=4ffc799b-a469-4f1e-8963-61ec3ca6e3b8-22&pdp_ext_f=%7B%22order%22%3A%22-1%22%2C%22spu_best_type%22%3A%22price%22%2C%22eval%22%3A%221%22%2C%22fromPage%22%3A%22search%22%7D&pdp_npi=6%40dis%21USD%2114.16%2113.75%21%21%2114.16%2113.75%21%40210393bd17844660869148105e109a%2112000051100506328%21sea%21MX%218277798511%21ABX%211%210%21n_tag%3A-29910%3Bd%3A2c2cb604%3Bm03_new_user%3A-29895&curPageLogUid=lg0qYBSlh8VR&utparam-url=scene%3Asearch%7Cquery_from%3A%7Cx_object_id%3A1005002388146817%7C_p_origin_prod%3A","Humidificador de aire inalámbrico de 260ML, difusor de aromaterapia con USB, batería recargable de 1000mAh, máquina de niebla ultrasónica silenciosa","Humidificador de aire inalámbrico de 260ML, difusor de aromaterapia con USB, batería recargable de 1000mAh, máquina de niebla ultrasónica silenciosa. Producto seleccionado por Atlas Secreto. Revisa variantes, especificaciones, disponibilidad y condiciones de envío antes de comprar.","https://ae-pic-a1.aliexpress-media.com/kf/H27f210c34f7f4356956edc80b5e5e1a8X.jpg_480x480q75.jpg_.avif","HOGAR","$13.75","","","","VALIDO_PORTALS","URL válida; no visibles: valoración, ventas","2026-07-19T13:02:27.001Z"
"1005001265801355","https://www.aliexpress.com/item/1005001265801355.html","https://es.aliexpress.com/item/1005001265801355.html?algo_pvid=4ffc799b-a469-4f1e-8963-61ec3ca6e3b8&algo_exp_id=4ffc799b-a469-4f1e-8963-61ec3ca6e3b8-32&pdp_ext_f=%7B%22order%22%3A%22-1%22%2C%22eval%22%3A%221%22%2C%22fromPage%22%3A%22search%22%7D&pdp_npi=6%40dis%21USD%213.43%213.43%21%21%213.43%213.43%21%40210393bd17844660869148105e109a%2112000015519266014%21sea%21MX%218277798511%21ABX%211%210%21n_tag%3A-29910%3Bd%3A2c2cb604%3Bm03_new_user%3A-29895&curPageLogUid=pMHiOFms5Zgr&utparam-url=scene%3Asearch%7Cquery_from%3A%7Cx_object_id%3A1005001265801355%7C_p_origin_prod%3A","Incienso de resina copal premium de imaginación alternativa para limpieza, meditación, yoga, aromaterapia casera, resina copal de Manila","Incienso de resina copal premium de imaginación alternativa para limpieza, meditación, yoga, aromaterapia casera, resina copal de Manila. Producto seleccionado por Atlas Secreto. Revisa variantes, especificaciones, disponibilidad y condiciones de envío antes de comprar.","https://ae-pic-a1.aliexpress-media.com/kf/H45314a43695a4df2b40efdbdb3ef7d34r.jpg_480x480q75.jpg_.avif","HOGAR","$3.43","","","","VALIDO_PORTALS","URL válida; no visibles: valoración, ventas","2026-07-19T13:02:27.005Z"
"1005009952532117","https://www.aliexpress.com/item/1005009952532117.html","https://es.aliexpress.com/item/1005009952532117.html?algo_pvid=4ffc799b-a469-4f1e-8963-61ec3ca6e3b8&algo_exp_id=4ffc799b-a469-4f1e-8963-61ec3ca6e3b8-8&pdp_ext_f=%7B%22order%22%3A%22-1%22%2C%22eval%22%3A%221%22%2C%22fromPage%22%3A%22search%22%7D&pdp_npi=6%40dis%21USD%2177.97%2137.20%21%21%21525.79%21250.90%21%40210393bd17844660869148105e109a%2112000050669845536%21sea%21MX%218277798511%21ABX%211%210%21n_tag%3A-29910%3Bd%3A2c2cb604%3Bm03_new_user%3A-29895%3BpisId%3A5000000210887489&curPageLogUid=IDSdwujM51m0&utparam-url=scene%3Asearch%7Cquery_from%3A%7Cx_object_id%3A1005009952532117%7C_p_origin_prod%3A","KINSCOTER-humidificador de aire profesional de 3L, humidificador doméstico de gran capacidad, difusor de Aroma de niebla de plantas con temporizador de Control remoto","KINSCOTER-humidificador de aire profesional de 3L, humidificador doméstico de gran capacidad, difusor de Aroma de niebla de plantas con temporizador de Control remoto. Producto seleccionado por Atlas Secreto. Revisa variantes, especificaciones, disponibilidad y condiciones de envío antes de comprar.","https://ae-pic-a1.aliexpress-media.com/kf/S03a589a3303149eea8f1c0ad7db629d4k.jpg_480x480q75.jpg_.avif","HOGAR","$37.2","","","","VALIDO_PORTALS","URL válida; no visibles: valoración, ventas","2026-07-19T13:02:26.990Z"
"1005008626130737","https://www.aliexpress.com/item/1005008626130737.html","https://es.aliexpress.com/item/1005008626130737.html?algo_pvid=4ffc799b-a469-4f1e-8963-61ec3ca6e3b8&algo_exp_id=4ffc799b-a469-4f1e-8963-61ec3ca6e3b8-0&pdp_ext_f=%7B%22order%22%3A%22-1%22%2C%22spu_best_type%22%3A%22price%22%2C%22eval%22%3A%221%22%2C%22fromPage%22%3A%22search%22%7D&pdp_npi=6%40dis%21USD%2159.23%2128.62%21%21%21399.38%21192.95%21%40210393bd17844660869148105e109a%2112000046029200205%21sea%21MX%218277798511%21ABX%211%210%21n_tag%3A-29910%3Bd%3A2c2cb604%3Bm03_new_user%3A-29895%3BpisId%3A5000000210887489&curPageLogUid=NvrOEn3xmHBx&utparam-url=scene%3Asearch%7Cquery_from%3A%7Cx_object_id%3A1005008626130737%7C_p_origin_prod%3A","KINSCOTER-ventilador de aire acondicionado de escritorio, sin perforación, 3 velocidades de refrigeración, recargable, para montaje en pared, silencioso, para el hogar, cocina y…","KINSCOTER-ventilador de aire acondicionado de escritorio, sin perforación, 3 velocidades de refrigeración, recargable, para montaje en pared, silencioso, para el hogar, cocina y…. Producto seleccionado por Atlas Secreto. Revisa variantes, especificaciones, disponibilidad y condiciones de envío antes de comprar.","https://ae-pic-a1.aliexpress-media.com/kf/S72e30209607a47f9bdaaaa280ea786a3h.jpg_480x480q75.jpg_.avif","HOGAR","$28.62","","","","VALIDO_PORTALS","URL válida; no visibles: valoración, ventas","2026-07-19T13:02:26.986Z"
"1005005458241595","https://www.aliexpress.com/item/1005005458241595.html","https://es.aliexpress.com/item/1005005458241595.html?algo_pvid=4ffc799b-a469-4f1e-8963-61ec3ca6e3b8&algo_exp_id=4ffc799b-a469-4f1e-8963-61ec3ca6e3b8-16&pdp_ext_f=%7B%22order%22%3A%22-1%22%2C%22eval%22%3A%221%22%2C%22fromPage%22%3A%22search%22%7D&pdp_npi=6%40dis%21USD%2130.42%2115.73%21%21%21205.13%21106.08%21%40210393bd17844660869148105e109a%2112000033161813052%21sea%21MX%218277798511%21ABX%211%210%21n_tag%3A-29910%3Bd%3A2c2cb604%3Bm03_new_user%3A-29895%3BpisId%3A5000000210887489&curPageLogUid=sCK5LsV6NCNi&utparam-url=scene%3Asearch%7Cquery_from%3A%7Cx_object_id%3A1005005458241595%7C_p_origin_prod%3A","LoraTap Tuya Smart Life WiFi cortinas persianas interruptor persianas enrollables interruptor de Motor estilo retroiluminado Google Home Alexa Control de voz","LoraTap Tuya Smart Life WiFi cortinas persianas interruptor persianas enrollables interruptor de Motor estilo retroiluminado Google Home Alexa Control de voz. Producto seleccionado por Atlas Secreto. Revisa variantes, especificaciones, disponibilidad y condiciones de envío antes de comprar.","https://ae-pic-a1.aliexpress-media.com/kf/S0177ccaefd904ae5b0bbc6e87ac262b7J.jpg_480x480q75.jpg_.avif","HOGAR","$15.73","","","","VALIDO_PORTALS","URL válida; no visibles: valoración, ventas","2026-07-19T13:02:26.997Z"
"1005005567845444","https://www.aliexpress.com/item/1005005567845444.html","https://es.aliexpress.com/item/1005005567845444.html?algo_pvid=4ffc799b-a469-4f1e-8963-61ec3ca6e3b8&algo_exp_id=4ffc799b-a469-4f1e-8963-61ec3ca6e3b8-4&pdp_ext_f=%7B%22order%22%3A%22-1%22%2C%22spu_best_type%22%3A%22price%22%2C%22eval%22%3A%221%22%2C%22fromPage%22%3A%22search%22%7D&pdp_npi=6%40dis%21USD%216.02%215.02%21%21%2140.58%2133.84%21%40210393bd17844660869148105e109a%2112000039707624669%21sea%21MX%218277798511%21ABX%211%210%21n_tag%3A-29910%3Bd%3A2c2cb604%3Bm03_new_user%3A-29895%3BpisId%3A5000000210887489&curPageLogUid=BeIIrhQmPF2x&utparam-url=scene%3Asearch%7Cquery_from%3A%7Cx_object_id%3A1005005567845444%7C_p_origin_prod%3A","Marco de pinturas en lienzo de madera de pino, 30x40, 40x50, 40x60cm, marco de fotos, marco de pintura de diamante, impresiones artísticas de pared, marco de carteles, decoración…","Marco de pinturas en lienzo de madera de pino, 30x40, 40x50, 40x60cm, marco de fotos, marco de pintura de diamante, impresiones artísticas de pared, marco de carteles, decoración…. Producto seleccionado por Atlas Secreto. Revisa variantes, especificaciones, disponibilidad y condiciones de envío antes de comprar.","https://ae-pic-a1.aliexpress-media.com/kf/S7e8dd30640cb4f4db23186a7fda1c977g.jpg_480x480q75.jpg_.avif","HOGAR","$5.02","","","","VALIDO_PORTALS","URL válida; no visibles: valoración, ventas","2026-07-19T13:02:26.988Z"
"1005008562945969","https://www.aliexpress.com/item/1005008562945969.html","https://es.aliexpress.com/item/1005008562945969.html?algo_pvid=4ffc799b-a469-4f1e-8963-61ec3ca6e3b8&algo_exp_id=4ffc799b-a469-4f1e-8963-61ec3ca6e3b8-20&pdp_ext_f=%7B%22order%22%3A%22-1%22%2C%22spu_best_type%22%3A%22price%22%2C%22eval%22%3A%221%22%2C%22fromPage%22%3A%22search%22%7D&pdp_npi=6%40dis%21USD%2126.53%2115.39%21%21%2126.53%2115.39%21%40210393bd17844660869148105e109a%2112000045733279856%21sea%21MX%218277798511%21ABX%211%210%21n_tag%3A-29910%3Bd%3A2c2cb604%3Bm03_new_user%3A-29895&curPageLogUid=MacpJUPFTNGg&utparam-url=scene%3Asearch%7Cquery_from%3A%7Cx_object_id%3A1005008562945969%7C_p_origin_prod%3A","Meross Matter Smart Wi-Fi Enchufe UE con Función de Monitor de Energía Funciona con Apple Homekit Google Home Smartthings Alexa","Meross Matter Smart Wi-Fi Enchufe UE con Función de Monitor de Energía Funciona con Apple Homekit Google Home Smartthings Alexa. Producto seleccionado por Atlas Secreto. Revisa variantes, especificaciones, disponibilidad y condiciones de envío antes de comprar.","https://ae-pic-a1.aliexpress-media.com/kf/S32f6ab06c5fb4a26b5fbcd4fc1e22fbdt.jpg_480x480q75.jpg_.avif","HOGAR","$15.39","","","","VALIDO_PORTALS","URL válida; no visibles: valoración, ventas","2026-07-19T13:02:26.999Z"
"1005006589678350","https://www.aliexpress.com/item/1005006589678350.html","https://es.aliexpress.com/item/1005006589678350.html?algo_pvid=4ffc799b-a469-4f1e-8963-61ec3ca6e3b8&algo_exp_id=4ffc799b-a469-4f1e-8963-61ec3ca6e3b8-1&pdp_ext_f=%7B%22order%22%3A%22-1%22%2C%22eval%22%3A%221%22%2C%22fromPage%22%3A%22search%22%7D&pdp_npi=6%40dis%21USD%2113.29%216.31%21%21%2189.59%2142.53%21%40210393bd17844660869148105e109a%2112000037743919436%21sea%21MX%218277798511%21ABX%211%210%21n_tag%3A-29910%3Bd%3A2c2cb604%3Bm03_new_user%3A-29895%3BpisId%3A5000000210887489&curPageLogUid=6iINRzYnfCgI&utparam-url=scene%3Asearch%7Cquery_from%3A%7Cx_object_id%3A1005006589678350%7C_p_origin_prod%3A","Módulo de cortina inteligente Tuya ZigBee con WiFi, persiana enrollable, Motor eléctrico, interruptor de cortina inteligente, funciona con Alexa y Google Home","Módulo de cortina inteligente Tuya ZigBee con WiFi, persiana enrollable, Motor eléctrico, interruptor de cortina inteligente, funciona con Alexa y Google Home. Producto seleccionado por Atlas Secreto. Revisa variantes, especificaciones, disponibilidad y condiciones de envío antes de comprar.","https://ae-pic-a1.aliexpress-media.com/kf/S39d40e3400d3426592c2a6c413d4243cQ.jpg_480x480q75.jpg_.avif","HOGAR","$6.31","","","","VALIDO_PORTALS","URL válida; no visibles: valoración, ventas","2026-07-19T13:02:26.986Z"
"1005004770923437","https://www.aliexpress.com/item/1005004770923437.html","https://es.aliexpress.com/item/1005004770923437.html?algo_pvid=4ffc799b-a469-4f1e-8963-61ec3ca6e3b8&algo_exp_id=4ffc799b-a469-4f1e-8963-61ec3ca6e3b8-17&pdp_ext_f=%7B%22order%22%3A%22-1%22%2C%22spu_best_type%22%3A%22price%22%2C%22eval%22%3A%221%22%2C%22fromPage%22%3A%22search%22%7D&pdp_npi=6%40dis%21USD%216.45%216.45%21%21%216.45%216.45%21%40210393bd17844660869148105e109a%2112000038481301385%21sea%21MX%218277798511%21ABX%211%210%21n_tag%3A-29910%3Bd%3A2c2cb604%3Bm03_new_user%3A-29895&curPageLogUid=4oFp75Qaz4zW&utparam-url=scene%3Asearch%7Cquery_from%3A%7Cx_object_id%3A1005004770923437%7C_p_origin_prod%3A","Novski-enchufe de pared estándar europeo para Rusia, Alemania y España, Panel de cristal, 250V, 16A, color negro, blanco y gris","Novski-enchufe de pared estándar europeo para Rusia, Alemania y España, Panel de cristal, 250V, 16A, color negro, blanco y gris. Producto seleccionado por Atlas Secreto. Revisa variantes, especificaciones, disponibilidad y condiciones de envío antes de comprar.","https://ae-pic-a1.aliexpress-media.com/kf/S5f8e142eb26c43929eec980de0dadccdX.jpg_480x480q75.jpg_.avif","HOGAR","$6.45","","","","VALIDO_PORTALS","URL válida; no visibles: valoración, ventas","2026-07-19T13:02:26.997Z"
"1005006204456238","https://www.aliexpress.com/item/1005006204456238.html","https://es.aliexpress.com/item/1005006204456238.html?algo_pvid=4ffc799b-a469-4f1e-8963-61ec3ca6e3b8&aem_p4p_detail=20260719060127489474576534110011715266&algo_exp_id=4ffc799b-a469-4f1e-8963-61ec3ca6e3b8-7&pdp_ext_f=%7B%22order%22%3A%22-1%22%2C%22eval%22%3A%221%22%2C%22fromPage%22%3A%22search%22%7D&pdp_npi=6%40dis%21USD%216.08%214.93%21%21%2140.98%2133.25%21%40210393bd17844660869148105e109a%2112000036290157930%21sea%21MX%218277798511%21ABX%211%210%21n_tag%3A-29910%3Bd%3A2c2cb604%3Bm03_new_user%3A-29895%3BpisId%3A5000000210887489&curPageLogUid=mKuGHMwoxIBD&utparam-url=scene%3Asearch%7Cquery_from%3A%7Cx_object_id%3A1005006204456238%7C_p_origin_prod%3A&search_p4p_id=20260719060127489474576534110011715266_2","Para Xiaom Roborock S5 S50 S51 S55 S6 S60 S6 accesorios para aspiradoras puras filtro HEPA paño de mopa Cepillo principal lateral repuestos","Para Xiaom Roborock S5 S50 S51 S55 S6 S60 S6 accesorios para aspiradoras puras filtro HEPA paño de mopa Cepillo principal lateral repuestos. Producto seleccionado por Atlas Secreto. Revisa variantes, especificaciones, disponibilidad y condiciones de envío antes de comprar.","https://ae-pic-a1.aliexpress-media.com/kf/Sfdf7683e16ec411e9d77199c074877d9a.jpg_480x480q75.jpg_.avif","HOGAR","$4.93","","","","VALIDO_PORTALS","URL válida; no visibles: valoración, ventas","2026-07-19T13:02:26.990Z"
"1005008247579935","https://www.aliexpress.com/item/1005008247579935.html","https://es.aliexpress.com/item/1005008247579935.html?algo_pvid=4ffc799b-a469-4f1e-8963-61ec3ca6e3b8&aem_p4p_detail=20260719060127489474576534110011715266&algo_exp_id=4ffc799b-a469-4f1e-8963-61ec3ca6e3b8-27&pdp_ext_f=%7B%22order%22%3A%22-1%22%2C%22eval%22%3A%221%22%2C%22fromPage%22%3A%22search%22%7D&pdp_npi=6%40dis%21USD%214.48%213.36%21%21%2130.23%2122.67%21%40210393bd17844660869148105e109a%2112000044369902951%21sea%21MX%218277798511%21ABX%211%210%21n_tag%3A-29910%3Bd%3A2c2cb604%3Bm03_new_user%3A-29895%3BpisId%3A5000000210887489&curPageLogUid=GRTw5noWJP2F&utparam-url=scene%3Asearch%7Cquery_from%3A%7Cx_object_id%3A1005008247579935%7C_p_origin_prod%3A&search_p4p_id=20260719060127489474576534110011715266_7","Piezas de accesorios para Robot aspirador Xiaomi X20 Max / D109GL, cepillo principal, Cepillo Lateral, filtro Hepa, paño de mopa, reemplazo de bolsa de polvo","Piezas de accesorios para Robot aspirador Xiaomi X20 Max / D109GL, cepillo principal, Cepillo Lateral, filtro Hepa, paño de mopa, reemplazo de bolsa de polvo. Producto seleccionado por Atlas Secreto. Revisa variantes, especificaciones, disponibilidad y condiciones de envío antes de comprar.","https://ae-pic-a1.aliexpress-media.com/kf/S309ad6c6d57c4ba582a8942ea728a792K.jpg_480x480q75.jpg_.avif","HOGAR","$3.36","","","","VALIDO_PORTALS","URL válida; no visibles: valoración, ventas","2026-07-19T13:02:27.003Z"
"1005008466263332","https://www.aliexpress.com/item/1005008466263332.html","https://es.aliexpress.com/item/1005008466263332.html?algo_pvid=4ffc799b-a469-4f1e-8963-61ec3ca6e3b8&aem_p4p_detail=20260719060127489474576534110011715266&algo_exp_id=4ffc799b-a469-4f1e-8963-61ec3ca6e3b8-11&pdp_ext_f=%7B%22order%22%3A%22-1%22%2C%22eval%22%3A%221%22%2C%22fromPage%22%3A%22search%22%7D&pdp_npi=6%40dis%21USD%215.87%214.64%21%21%2139.59%2131.30%21%40210393bd17844660869148105e109a%2112000045257582963%21sea%21MX%218277798511%21ABX%211%210%21n_tag%3A-29910%3Bd%3A2c2cb604%3Bm03_new_user%3A-29895%3BpisId%3A5000000210887489&curPageLogUid=wHNWXjOmGzAl&utparam-url=scene%3Asearch%7Cquery_from%3A%7Cx_object_id%3A1005008466263332%7C_p_origin_prod%3A&search_p4p_id=20260719060127489474576534110011715266_3","Piezas de repuesto para Robot aspirador Xiaomi S20 + / S10 Plus / B108GL / B105, accesorios, Cepillo Lateral principal, filtro Hepa, paño de mopa","Piezas de repuesto para Robot aspirador Xiaomi S20 + / S10 Plus / B108GL / B105, accesorios, Cepillo Lateral principal, filtro Hepa, paño de mopa. Producto seleccionado por Atlas Secreto. Revisa variantes, especificaciones, disponibilidad y condiciones de envío antes de comprar.","https://ae-pic-a1.aliexpress-media.com/kf/S19634b1a8f234dffb355e35fb269acb1D.jpg_480x480q75.jpg_.avif","HOGAR","$4.64","","","","VALIDO_PORTALS","URL válida; no visibles: valoración, ventas","2026-07-19T13:02:26.994Z"
"1005006914061582","https://www.aliexpress.com/item/1005006914061582.html","https://es.aliexpress.com/item/1005006914061582.html?algo_pvid=4ffc799b-a469-4f1e-8963-61ec3ca6e3b8&aem_p4p_detail=20260719060127489474576534110011715266&algo_exp_id=4ffc799b-a469-4f1e-8963-61ec3ca6e3b8-19&pdp_ext_f=%7B%22order%22%3A%22-1%22%2C%22spu_best_type%22%3A%22price%22%2C%22eval%22%3A%221%22%2C%22fromPage%22%3A%22search%22%7D&pdp_npi=6%40dis%21USD%215.36%214.18%21%21%2136.13%2128.15%21%40210393bd17844660869148105e109a%2112000038710838471%21sea%21MX%218277798511%21ABX%211%210%21n_tag%3A-29910%3Bd%3A2c2cb604%3Bm03_new_user%3A-29895%3BpisId%3A5000000210887489&curPageLogUid=b13lj4821ejn&utparam-url=scene%3Asearch%7Cquery_from%3A%7Cx_object_id%3A1005006914061582%7C_p_origin_prod%3A&search_p4p_id=20260719060127489474576534110011715266_5","Piezas de repuesto para Robot aspirador Xiaomi X10, accesorios, Cepillo Lateral principal, filtro Hepa, paño de mopa, bolsa para polvo","Piezas de repuesto para Robot aspirador Xiaomi X10, accesorios, Cepillo Lateral principal, filtro Hepa, paño de mopa, bolsa para polvo. Producto seleccionado por Atlas Secreto. Revisa variantes, especificaciones, disponibilidad y condiciones de envío antes de comprar.","https://ae-pic-a1.aliexpress-media.com/kf/Sbeb0ed9072bd4ed08833d57266d3082dd.png_480x480.png_.avif","HOGAR","$4.18","","","","VALIDO_PORTALS","URL válida; no visibles: valoración, ventas","2026-07-19T13:02:26.999Z"
"1005006984954856","https://www.aliexpress.com/item/1005006984954856.html","https://es.aliexpress.com/item/1005006984954856.html?algo_pvid=4ffc799b-a469-4f1e-8963-61ec3ca6e3b8&aem_p4p_detail=20260719060127489474576534110011715266&algo_exp_id=4ffc799b-a469-4f1e-8963-61ec3ca6e3b8-3&pdp_ext_f=%7B%22order%22%3A%22-1%22%2C%22eval%22%3A%221%22%2C%22fromPage%22%3A%22search%22%7D&pdp_npi=6%40dis%21USD%215.61%214.41%21%21%2137.83%2129.76%21%40210393bd17844660869148105e109a%2112000038948697377%21sea%21MX%218277798511%21ABX%211%210%21n_tag%3A-29910%3Bd%3A2c2cb604%3Bm03_new_user%3A-29895%3BpisId%3A5000000210887489&curPageLogUid=FhAsW8agDA00&utparam-url=scene%3Asearch%7Cquery_from%3A%7Cx_object_id%3A1005006984954856%7C_p_origin_prod%3A&search_p4p_id=20260719060127489474576534110011715266_1","Piezas de repuesto para Robot aspirador Xiaomi X20 + / X20 Plus, accesorios, cepillo lateral principal, filtro Hepa, mopa, paño, bolsa de polvo","Piezas de repuesto para Robot aspirador Xiaomi X20 + / X20 Plus, accesorios, cepillo lateral principal, filtro Hepa, mopa, paño, bolsa de polvo. Producto seleccionado por Atlas Secreto. Revisa variantes, especificaciones, disponibilidad y condiciones de envío antes de comprar.","https://ae-pic-a1.aliexpress-media.com/kf/S323563b58e0f44068024f6abad83660cO.jpg_480x480q75.jpg_.avif","HOGAR","$4.41","","","","VALIDO_PORTALS","URL válida; no visibles: valoración, ventas","2026-07-19T13:02:26.988Z"
"1005009133010801","https://www.aliexpress.com/item/1005009133010801.html","https://es.aliexpress.com/item/1005009133010801.html?algo_pvid=4ffc799b-a469-4f1e-8963-61ec3ca6e3b8&aem_p4p_detail=20260719060127489474576534110011715266&algo_exp_id=4ffc799b-a469-4f1e-8963-61ec3ca6e3b8-15&pdp_ext_f=%7B%22order%22%3A%22-1%22%2C%22eval%22%3A%221%22%2C%22fromPage%22%3A%22search%22%7D&pdp_npi=6%40dis%21USD%217.26%216.08%21%21%2148.95%2140.98%21%40210393bd17844660869148105e109a%2112000048099725866%21sea%21MX%218277798511%21ABX%211%210%21n_tag%3A-29910%3Bd%3A2c2cb604%3Bm03_new_user%3A-29895%3BpisId%3A5000000210887489&curPageLogUid=YSRVHSnzBUK2&utparam-url=scene%3Asearch%7Cquery_from%3A%7Cx_object_id%3A1005009133010801%7C_p_origin_prod%3A&search_p4p_id=20260719060127489474576534110011715266_4","Roborock F25 RT / F25 LT / F25 ALT / F25 ACE aspiradora rodillo cepillo y filtro accesorios repuestos","Roborock F25 RT / F25 LT / F25 ALT / F25 ACE aspiradora rodillo cepillo y filtro accesorios repuestos. Producto seleccionado por Atlas Secreto. Revisa variantes, especificaciones, disponibilidad y condiciones de envío antes de comprar.","https://ae-pic-a1.aliexpress-media.com/kf/Scba4dd1ae1f14cd0bdb39b574af0758aO.jpg_480x480q75.jpg_.avif","HOGAR","$6.08","","","","VALIDO_PORTALS","URL válida; no visibles: valoración, ventas","2026-07-19T13:02:26.996Z"
"1005005441545741","https://www.aliexpress.com/item/1005005441545741.html","https://es.aliexpress.com/item/1005005441545741.html?algo_pvid=4ffc799b-a469-4f1e-8963-61ec3ca6e3b8&algo_exp_id=4ffc799b-a469-4f1e-8963-61ec3ca6e3b8-25&pdp_ext_f=%7B%22order%22%3A%22-1%22%2C%22eval%22%3A%221%22%2C%22fromPage%22%3A%22search%22%7D&pdp_npi=6%40dis%21USD%21108.83%2142.53%21%21%21733.86%21286.80%21%40210393bd17844660869148105e109a%2112000033096029070%21sea%21MX%218277798511%21ABX%211%210%21n_tag%3A-29910%3Bd%3A2c2cb604%3Bm03_new_user%3A-29895%3BpisId%3A5000000210887489&curPageLogUid=02lvY092SEjN&utparam-url=scene%3Asearch%7Cquery_from%3A%7Cx_object_id%3A1005005441545741%7C_p_origin_prod%3A","Sartén de acero inoxidable LMETJMA, sartén antiadherente de panal con tapa, cocinas eléctricas de Gas de cerámica de inducción compatibles con KC0480","Sartén de acero inoxidable LMETJMA, sartén antiadherente de panal con tapa, cocinas eléctricas de Gas de cerámica de inducción compatibles con KC0480. Producto seleccionado por Atlas Secreto. Revisa variantes, especificaciones, disponibilidad y condiciones de envío antes de comprar.","https://ae-pic-a1.aliexpress-media.com/kf/S582dcbe800cc459ea80c2768c1930843Z.jpg_480x480q75.jpg_.avif","HOGAR","$42.53","","","","VALIDO_PORTALS","URL válida; no visibles: valoración, ventas","2026-07-19T13:02:27.002Z"
"1005005635600963","https://www.aliexpress.com/item/1005005635600963.html","https://es.aliexpress.com/item/1005005635600963.html?algo_pvid=4ffc799b-a469-4f1e-8963-61ec3ca6e3b8&algo_exp_id=4ffc799b-a469-4f1e-8963-61ec3ca6e3b8-2&pdp_ext_f=%7B%22order%22%3A%22-1%22%2C%22eval%22%3A%221%22%2C%22fromPage%22%3A%22search%22%7D&pdp_npi=6%40dis%21USD%217.76%213.58%21%21%2152.30%2124.12%21%40210393bd17844660869148105e109a%2112000033996972292%21sea%21MX%218277798511%21ABX%211%210%21n_tag%3A-29910%3Bd%3A2c2cb604%3Bm03_new_user%3A-29895%3BpisId%3A5000000210887489&curPageLogUid=h10BBwqPcHAD&utparam-url=scene%3Asearch%7Cquery_from%3A%7Cx_object_id%3A1005005635600963%7C_p_origin_prod%3A","Toma de carga USB dual Delviz, conector de alimentación CA 110 ~ 250 V, panel de material de PC blanco, interfaz USB de 2 A, toma de pared estándar de la UE de 16 A","Toma de carga USB dual Delviz, conector de alimentación CA 110 ~ 250 V, panel de material de PC blanco, interfaz USB de 2 A, toma de pared estándar de la UE de 16 A. Producto seleccionado por Atlas Secreto. Revisa variantes, especificaciones, disponibilidad y condiciones de envío antes de comprar.","https://ae-pic-a1.aliexpress-media.com/kf/Hbafa2139e91249408ecc838724b8fba1h.jpg_480x480q75.jpg_.avif","HOGAR","$3.58","","","","VALIDO_PORTALS","URL válida; no visibles: valoración, ventas","2026-07-19T13:02:26.987Z"
"1005009973090391","https://www.aliexpress.com/item/1005009973090391.html","https://es.aliexpress.com/item/1005009973090391.html?algo_pvid=4ffc799b-a469-4f1e-8963-61ec3ca6e3b8&algo_exp_id=4ffc799b-a469-4f1e-8963-61ec3ca6e3b8-13&pdp_ext_f=%7B%22order%22%3A%22-1%22%2C%22eval%22%3A%221%22%2C%22fromPage%22%3A%22search%22%7D&pdp_npi=6%40dis%21USD%2132.99%2114.50%21%21%21222.48%2197.83%21%40210393bd17844660869148105e109a%2112000050730220320%21sea%21MX%218277798511%21ABX%211%210%21n_tag%3A-29910%3Bd%3A2c2cb604%3Bm03_new_user%3A-29895%3BpisId%3A5000000210887489&curPageLogUid=hCTICeqYrNYV&utparam-url=scene%3Asearch%7Cquery_from%3A%7Cx_object_id%3A1005009973090391%7C_p_origin_prod%3A","Tuya-Sensor de temperatura y humedad WiFi, higrómetro, termómetro, retroiluminación inteligente para el hogar, soporte de vida inteligente, asistente de Google Alexa","Tuya-Sensor de temperatura y humedad WiFi, higrómetro, termómetro, retroiluminación inteligente para el hogar, soporte de vida inteligente, asistente de Google Alexa. Producto seleccionado por Atlas Secreto. Revisa variantes, especificaciones, disponibilidad y condiciones de envío antes de comprar.","https://ae-pic-a1.aliexpress-media.com/kf/S1d9b9be5e58340349cf6c7e562db42bcI.png_480x480.png_.avif","HOGAR","$14.5","","","","VALIDO_PORTALS","URL válida; no visibles: valoración, ventas","2026-07-19T13:02:26.996Z"
"1005005362531460","https://www.aliexpress.com/item/1005005362531460.html","https://es.aliexpress.com/item/1005005362531460.html?algo_pvid=4ffc799b-a469-4f1e-8963-61ec3ca6e3b8&algo_exp_id=4ffc799b-a469-4f1e-8963-61ec3ca6e3b8-5&pdp_ext_f=%7B%22order%22%3A%22-1%22%2C%22eval%22%3A%221%22%2C%22fromPage%22%3A%22search%22%7D&pdp_npi=6%40dis%21USD%2118.61%2112.03%21%21%2118.61%2112.03%21%40210393bd17844660869148105e109a%2112000033131040074%21sea%21MX%218277798511%21ABX%211%210%21n_tag%3A-29910%3Bd%3A2c2cb604%3Bm03_new_user%3A-29895%3BpisId%3A5000000210887489&curPageLogUid=N4Kin36GeDNi&utparam-url=scene%3Asearch%7Cquery_from%3A%7Cx_object_id%3A1005005362531460%7C_p_origin_prod%3A","Valla de hiedra Artificial de 100x300cm, Panel de pared de hierba, seto de hoja verde de imitación, pantalla de privacidad, decoración para exteriores, hogar, jardín y balcón","Valla de hiedra Artificial de 100x300cm, Panel de pared de hierba, seto de hoja verde de imitación, pantalla de privacidad, decoración para exteriores, hogar, jardín y balcón. Producto seleccionado por Atlas Secreto. Revisa variantes, especificaciones, disponibilidad y condiciones de envío antes de comprar.","https://ae-pic-a1.aliexpress-media.com/kf/Sfa3236b8faa844af848fe95b43fd67e4i.jpg_480x480q75.jpg_.avif","HOGAR","$12.03","","","","VALIDO_PORTALS","URL válida; no visibles: valoración, ventas","2026-07-19T13:02:26.989Z"
"1005008832038596","https://www.aliexpress.com/item/1005008832038596.html","https://es.aliexpress.com/item/1005008832038596.html?algo_pvid=4ffc799b-a469-4f1e-8963-61ec3ca6e3b8&algo_exp_id=4ffc799b-a469-4f1e-8963-61ec3ca6e3b8-26&pdp_ext_f=%7B%22order%22%3A%22-1%22%2C%22eval%22%3A%221%22%2C%22fromPage%22%3A%22search%22%7D&pdp_npi=6%40dis%21USD%21380.86%21186.62%21%21%212568.16%211258.40%21%40210393bd17844660869148105e109a%2112000046870030879%21sea%21MX%218277798511%21ABX%211%210%21n_tag%3A-29910%3Bd%3A2c2cb604%3Bm03_new_user%3A-29895&curPageLogUid=u9ERRFTZow5I&utparam-url=scene%3Asearch%7Cquery_from%3A%7Cx_object_id%3A1005008832038596%7C_p_origin_prod%3A","Ventilador de mesa recargable portátil de 14 pulgadas con panel solar alimentado y cargador de CA entrada dual para el hogar, camping, pesca","Ventilador de mesa recargable portátil de 14 pulgadas con panel solar alimentado y cargador de CA entrada dual para el hogar, camping, pesca. Producto seleccionado por Atlas Secreto. Revisa variantes, especificaciones, disponibilidad y condiciones de envío antes de comprar.","https://ae-pic-a1.aliexpress-media.com/kf/S1acf04c9808f405881541154d59ef18fh.jpg_480x480q75.jpg_.avif","HOGAR","$186.62","","","","VALIDO_PORTALS","URL válida; no visibles: valoración, ventas","2026-07-19T13:02:27.003Z"
"1005006837537615","https://www.aliexpress.com/item/1005006837537615.html","https://es.aliexpress.com/item/1005006837537615.html?algo_pvid=4ffc799b-a469-4f1e-8963-61ec3ca6e3b8&algo_exp_id=4ffc799b-a469-4f1e-8963-61ec3ca6e3b8-10&pdp_ext_f=%7B%22order%22%3A%22-1%22%2C%22spu_best_type%22%3A%22price%22%2C%22eval%22%3A%221%22%2C%22fromPage%22%3A%22search%22%7D&pdp_npi=6%40dis%21USD%21104.47%2139.74%21%21%21704.48%21268.01%21%40210393bd17844660869148105e109a%2112000038465803055%21sea%21MX%218277798511%21ABX%211%210%21n_tag%3A-29910%3Bd%3A2c2cb604%3Bm03_new_user%3A-29895%3BpisId%3A5000000210887489&curPageLogUid=er1pP8YcGKvD&utparam-url=scene%3Asearch%7Cquery_from%3A%7Cx_object_id%3A1005006837537615%7C_p_origin_prod%3A","Ventilador eléctrico inalámbrico con carga USB para mesa de habitación, batería de 10000mAh, ventilador de techo portátil con Clip para viajes al aire libre, 4 velocidades…","Ventilador eléctrico inalámbrico con carga USB para mesa de habitación, batería de 10000mAh, ventilador de techo portátil con Clip para viajes al aire libre, 4 velocidades…. Producto seleccionado por Atlas Secreto. Revisa variantes, especificaciones, disponibilidad y condiciones de envío antes de comprar.","https://ae-pic-a1.aliexpress-media.com/kf/S1efe443a87e941e4866242b4e79adc3bX.jpg_480x480q75.jpg_.avif","HOGAR","$39.74","","","","VALIDO_PORTALS","URL válida; no visibles: valoración, ventas","2026-07-19T13:02:26.992Z"
"1005007611962439","https://www.aliexpress.com/item/1005007611962439.html","https://es.aliexpress.com/item/1005007611962439.html?algo_pvid=4ffc799b-a469-4f1e-8963-61ec3ca6e3b8&algo_exp_id=4ffc799b-a469-4f1e-8963-61ec3ca6e3b8-18&pdp_ext_f=%7B%22order%22%3A%22-1%22%2C%22eval%22%3A%221%22%2C%22fromPage%22%3A%22search%22%7D&pdp_npi=6%40dis%21USD%21408.21%21179.61%21%21%212752.60%211211.14%21%40210393bd17844660869148105e109a%2112000041661101790%21sea%21MX%218277798511%21ABX%211%210%21n_tag%3A-29910%3Bd%3A2c2cb604%3Bm03_new_user%3A-29895&curPageLogUid=p1KqyC3xgoxx&utparam-url=scene%3Asearch%7Cquery_from%3A%7Cx_object_id%3A1005007611962439%7C_p_origin_prod%3A","Ventilador solar con pilas, ventilador portátil de doble uso para el hogar o al aire libre, la batería puede funcionar de 6-12 horas, con salida USB para teléfono","Ventilador solar con pilas, ventilador portátil de doble uso para el hogar o al aire libre, la batería puede funcionar de 6-12 horas, con salida USB para teléfono. Producto seleccionado por Atlas Secreto. Revisa variantes, especificaciones, disponibilidad y condiciones de envío antes de comprar.","https://ae-pic-a1.aliexpress-media.com/kf/S298129597c164289b01592beaf24a703o.jpg_480x480q75.jpg_.avif","HOGAR","$179.61","","","","VALIDO_PORTALS","URL válida; no visibles: valoración, ventas","2026-07-19T13:02:26.998Z"