product_id,original_url,tracking_url,fallback_name,fallback_description,categories,fallback_image,price,priceSnapshot,featured,createdAt
1005007297859160,https://www.aliexpress.com/item/1005007297859160.html,https://s.click.aliexpress.com/e/_c3iLL9bN,Selección de moda para mujer 01,"Artículo de moda femenina seleccionado por Atlas Secreto. Consulta tallas, colores, composición, envío y disponibilidad en AliExpress.",Moda mujer | Menos de 10,https://placehold.co/900x900/111821/d6ad52?text=Moda+mujer+01,Ver precio actual,"Desde 9,08 USD",False,2026-07-18
1005008494720248,https://www.aliexpress.com/item/1005008494720248.html,https://s.click.aliexpress.com/e/_c3CEqUiB,Accesorio para mujer 01,"Accesorio femenino seleccionado por su utilidad y precio. Revisa variantes, materiales, medidas y disponibilidad antes de comprar.",Accesorios mujer | Menos de 10,https://placehold.co/900x900/111821/d6ad52?text=Accesorios+mujer+01,Ver precio actual,"Desde 0,99 USD",False,2026-07-18
1005006631009309,https://www.aliexpress.com/item/1005006631009309.html,https://s.click.aliexpress.com/e/_c2RSvtKx,Accesorio para hombre 01,"Accesorio masculino seleccionado por Atlas Secreto. Consulta materiales, medidas, variantes y condiciones de envío en AliExpress.",Accesorios hombre | Menos de 10,https://placehold.co/900x900/111821/d6ad52?text=Accesorios+hombre+01,Ver precio actual,"Desde 3,08 USD",False,2026-07-18
1005008124464069,https://www.aliexpress.com/item/1005008124464069.html,https://s.click.aliexpress.com/e/_c3J4TDSx,Selección de moda para mujer 02,"Artículo de moda femenina seleccionado por Atlas Secreto. Consulta tallas, colores, composición, envío y disponibilidad en AliExpress.",Moda mujer | Menos de 10,https://placehold.co/900x900/111821/d6ad52?text=Moda+mujer+02,Ver precio actual,"Desde 1,27 USD",False,2026-07-18
1005005788179268,https://www.aliexpress.com/item/1005005788179268.html,https://s.click.aliexpress.com/e/_c30ApjoP,Producto práctico para el hogar 01,"Producto práctico para el hogar seleccionado por Atlas Secreto. Revisa medidas, materiales, variantes y disponibilidad en AliExpress.",Hogar | Menos de 10,https://placehold.co/900x900/111821/d6ad52?text=Hogar+01,Ver precio actual,"Desde 2,46 USD",False,2026-07-18
1005007661508886,https://www.aliexpress.com/item/1005007661508886.html,https://s.click.aliexpress.com/e/_c45F8ZPl,Gadget tecnológico 01,"Gadget tecnológico seleccionado por Atlas Secreto. Comprueba especificaciones, compatibilidad, variantes y disponibilidad antes de comprar.",Tecnología | Menos de 10,https://placehold.co/900x900/111821/d6ad52?text=Tecnolog%C3%ADa+01,Ver precio actual,"Desde 5,28 USD",False,2026-07-18
1005007914556601,https://www.aliexpress.com/item/1005007914556601.html,https://s.click.aliexpress.com/e/_c2yKWzF5,Producto práctico para el hogar 02,"Producto práctico para el hogar seleccionado por Atlas Secreto. Revisa medidas, materiales, variantes y disponibilidad en AliExpress.",Hogar | Tecnología | Menos de 10,https://placehold.co/900x900/111821/d6ad52?text=Hogar+02,Ver precio actual,"Desde 2,27 USD",False,2026-07-18
1005007901992686,https://www.aliexpress.com/item/1005007901992686.html,https://s.click.aliexpress.com/e/_c3EwQ4Lt,Gadget tecnológico 02,"Gadget tecnológico seleccionado por Atlas Secreto. Comprueba especificaciones, compatibilidad, variantes y disponibilidad antes de comprar.",Tecnología | Menos de 10,https://placehold.co/900x900/111821/d6ad52?text=Tecnolog%C3%ADa+02,Ver precio actual,"Desde 3,12 USD",False,2026-07-18
1005007382183099,https://www.aliexpress.com/item/1005007382183099.html,https://s.click.aliexpress.com/e/_c40eNY3h,Gadget tecnológico 03,"Gadget tecnológico seleccionado por Atlas Secreto. Comprueba especificaciones, compatibilidad, variantes y disponibilidad antes de comprar.",Tecnología | Aventura y viajes | Virales | Menos de 10,https://placehold.co/900x900/111821/d6ad52?text=Tecnolog%C3%ADa+03,Ver precio actual,"Desde 1,24 USD",False,2026-07-18
1005010447557053,https://www.aliexpress.com/item/1005010447557053.html,https://s.click.aliexpress.com/e/_c4sWwsSn,"GameSir G7 Pro Mando Control de Juego con Licencia Oficial de Xbox, Control Alámbrico para Xbox, Gamepad Inalámbrico para PC, Android y Móviles","GameSir G7 Pro Mando Control de Juego con Licencia Oficial de Xbox, Control Alámbrico para Xbox, Gamepad Inalámbrico para PC, Android y Móviles. Producto seleccionado por Atlas Secreto. Revisa variantes, especificaciones, disponibilidad y condiciones de envío antes de comprar.",Tecnología | Virales,https://ae-pic-a1.aliexpress-media.com/kf/S4d20c1366d9f4eb9a293dc418a8dd18ei.jpg_480x480q75.jpg_.avif,Ver precio actual,"Desde 66,24 USD",False,2026-07-19
1005007296821194,https://www.aliexpress.com/item/1005007296821194.html,https://s.click.aliexpress.com/e/_c39oZE0T,Selección de moda para mujer 03,"Artículo de moda femenina seleccionado por Atlas Secreto. Consulta tallas, colores, composición, envío y disponibilidad en AliExpress.",Moda mujer | Menos de 10,https://placehold.co/900x900/111821/d6ad52?text=Moda+mujer+03,Ver precio actual,"Desde 3,07 USD",False,2026-07-18
1005008635835302,https://www.aliexpress.com/item/1005008635835302.html,https://s.click.aliexpress.com/e/_c3C0Xa99,Producto viral seleccionado 01,"Producto popular seleccionado por Atlas Secreto. Consulta sus características, variantes, envío y precio vigente en AliExpress.",Virales | Menos de 10,https://placehold.co/900x900/111821/d6ad52?text=Virales+01,Ver precio actual,"Desde 9,39 USD",False,2026-07-18
1005010154776229,https://www.aliexpress.com/item/1005010154776229.html,https://s.click.aliexpress.com/e/_c4kztppv,Selección de moda para hombre 01,"Artículo de moda masculina seleccionado por Atlas Secreto. Consulta tallas, colores, materiales y disponibilidad en AliExpress.",Moda hombre | Menos de 10,https://placehold.co/900x900/111821/d6ad52?text=Moda+hombre+01,Ver precio actual,"Desde 2,12 USD",False,2026-07-18
1005007530634321,https://www.aliexpress.com/item/1005007530634321.html,https://s.click.aliexpress.com/e/_c32gG6pz,Selección de moda para mujer 04,"Artículo de moda femenina seleccionado por Atlas Secreto. Consulta tallas, colores, composición, envío y disponibilidad en AliExpress.",Moda mujer,https://placehold.co/900x900/111821/d6ad52?text=Moda+mujer+04,Ver precio actual,"Desde 15,70 USD",False,2026-07-18
1005008438225768,https://www.aliexpress.com/item/1005008438225768.html,https://s.click.aliexpress.com/e/_c4ruEoeP,Producto viral seleccionado 02,"Producto popular seleccionado por Atlas Secreto. Consulta sus características, variantes, envío y precio vigente en AliExpress.",Virales | Menos de 10,https://placehold.co/900x900/111821/d6ad52?text=Virales+02,Ver precio actual,"Desde 9,21 USD",False,2026-07-18
1005010128533688,https://www.aliexpress.com/item/1005010128533688.html,https://s.click.aliexpress.com/e/_c3ugPPEj,Producto viral seleccionado 03,"Producto popular seleccionado por Atlas Secreto. Consulta sus características, variantes, envío y precio vigente en AliExpress.",Virales | Tecnología | Menos de 10,https://placehold.co/900x900/111821/d6ad52?text=Virales+03,Ver precio actual,"Desde 1,83 USD",False,2026-07-18
1005007910321700,https://www.aliexpress.com/item/1005007910321700.html,https://s.click.aliexpress.com/e/_c4Sivmvd,Producto de belleza y cuidado 01,"Producto de belleza y cuidado seleccionado por Atlas Secreto. Revisa ingredientes, modo de uso, variantes y advertencias del vendedor.",Belleza y cuidado | Menos de 10,https://placehold.co/900x900/111821/d6ad52?text=Belleza+y+cuidado+01,Ver precio actual,"Desde 0,84 USD",False,2026-07-18
1005010347094641,https://www.aliexpress.com/item/1005010347094641.html,https://s.click.aliexpress.com/e/_c3N0ESOB,Producto de belleza y cuidado 02,"Producto de belleza y cuidado seleccionado por Atlas Secreto. Revisa ingredientes, modo de uso, variantes y advertencias del vendedor.",Belleza y cuidado | Menos de 10,https://placehold.co/900x900/111821/d6ad52?text=Belleza+y+cuidado+02,Ver precio actual,"Desde 2,40 USD",False,2026-07-18
1005010661032861,https://www.aliexpress.com/item/1005010661032861.html,https://s.click.aliexpress.com/e/_c3fAxi6B,Gadget tecnológico 05,"Gadget tecnológico seleccionado por Atlas Secreto. Comprueba especificaciones, compatibilidad, variantes y disponibilidad antes de comprar.",Tecnología | Virales,https://placehold.co/900x900/111821/d6ad52?text=Tecnolog%C3%ADa+05,Ver precio actual,"Desde 107,63 USD",False,2026-07-18
1005006437076332,https://www.aliexpress.com/item/1005006437076332.html,https://s.click.aliexpress.com/e/_c3EPBWKB,Selección de moda para hombre 02,"Artículo de moda masculina seleccionado por Atlas Secreto. Consulta tallas, colores, materiales y disponibilidad en AliExpress.",Moda hombre,https://placehold.co/900x900/111821/d6ad52?text=Moda+hombre+02,Ver precio actual,"Desde 10,40 USD",False,2026-07-18
1005008830636767,https://www.aliexpress.com/item/1005008830636767.html,https://s.click.aliexpress.com/e/_c2zZg3oB,Selección de moda para mujer 05,"Artículo de moda femenina seleccionado por Atlas Secreto. Consulta tallas, colores, composición, envío y disponibilidad en AliExpress.",Moda mujer,https://placehold.co/900x900/111821/d6ad52?text=Moda+mujer+05,Ver precio actual,"Desde 15,79 USD",False,2026-07-18
1903089759,https://www.aliexpress.com/item/1903089759.html,https://s.click.aliexpress.com/e/_c3iMB6Ph,Accesorio para mujer 02,"Accesorio femenino seleccionado por su utilidad y precio. Revisa variantes, materiales, medidas y disponibilidad antes de comprar.",Accesorios mujer | Menos de 10,https://placehold.co/900x900/111821/d6ad52?text=Accesorios+mujer+02,Ver precio actual,"Desde 5,77 USD",False,2026-07-18
1005005909340324,https://www.aliexpress.com/item/1005005909340324.html,https://s.click.aliexpress.com/e/_c3GQtJon,Accesorio para coche o moto 01,Accesorio seleccionado para coche o moto. Verifica la compatibilidad exacta con tu modelo antes de realizar la compra.,Coche/Moto,https://placehold.co/900x900/111821/d6ad52?text=Coche%2FMoto+01,Ver precio actual,"Desde 21,26 USD",False,2026-07-18
1005006737907603,https://www.aliexpress.com/item/1005006737907603.html,https://s.click.aliexpress.com/e/_c3zqIZ4r,Accesorio para coche o moto 02,Accesorio seleccionado para coche o moto. Verifica la compatibilidad exacta con tu modelo antes de realizar la compra.,Coche/Moto,https://placehold.co/900x900/111821/d6ad52?text=Coche%2FMoto+02,Ver precio actual,"Desde 18,59 USD",False,2026-07-18
1005010567441252,https://www.aliexpress.com/item/1005010567441252.html,https://s.click.aliexpress.com/e/_c3b2sOgF,Producto viral seleccionado 04,"Producto popular seleccionado por Atlas Secreto. Consulta sus características, variantes, envío y precio vigente en AliExpress.",Virales | Tecnología | Menos de 10,https://placehold.co/900x900/111821/d6ad52?text=Virales+04,Ver precio actual,"Desde 1,40 USD",False,2026-07-18
1005005507287645,https://www.aliexpress.com/item/1005005507287645.html,https://s.click.aliexpress.com/e/_c4EpXYCx,Producto viral seleccionado 05,"Producto popular seleccionado por Atlas Secreto. Consulta sus características, variantes, envío y precio vigente en AliExpress.",Virales | Menos de 10,https://placehold.co/900x900/111821/d6ad52?text=Virales+05,Ver precio actual,"Desde 2,35 USD",False,2026-07-18
1005009734420129,https://www.aliexpress.com/item/1005009734420129.html,https://s.click.aliexpress.com/e/_c45ksWx1,Accesorio para hombre 02,"Accesorio masculino seleccionado por Atlas Secreto. Consulta materiales, medidas, variantes y condiciones de envío en AliExpress.",Accesorios hombre | Virales | Menos de 10,https://placehold.co/900x900/111821/d6ad52?text=Accesorios+hombre+02,Ver precio actual,"Desde 3,25 USD",False,2026-07-18
1005009881248536,https://www.aliexpress.com/item/1005009881248536.html,https://s.click.aliexpress.com/e/_c4aCepJz,Producto viral seleccionado 06,"Producto popular seleccionado por Atlas Secreto. Consulta sus características, variantes, envío y precio vigente en AliExpress.",Virales | Tecnología,https://placehold.co/900x900/111821/d6ad52?text=Virales+06,Ver precio actual,"Desde 18,31 USD",False,2026-07-18
1005005943671094,https://www.aliexpress.com/item/1005005943671094.html,https://s.click.aliexpress.com/e/_c3jjs0cL,Producto viral seleccionado 07,"Producto popular seleccionado por Atlas Secreto. Consulta sus características, variantes, envío y precio vigente en AliExpress.",Virales | Tecnología | Hogar,https://placehold.co/900x900/111821/d6ad52?text=Virales+07,Ver precio actual,"Desde 46,18 USD",False,2026-07-18
1005005968706771,https://www.aliexpress.com/item/1005005968706771.html,https://s.click.aliexpress.com/e/_c4laHo8T,Producto viral seleccionado 08,"Producto popular seleccionado por Atlas Secreto. Consulta sus características, variantes, envío y precio vigente en AliExpress.",Virales | Hogar | Menos de 10,https://placehold.co/900x900/111821/d6ad52?text=Virales+08,Ver precio actual,"Desde 2,15 USD",False,2026-07-18
1005006894901387,https://www.aliexpress.com/item/1005006894901387.html,https://s.click.aliexpress.com/e/_c3D4enm3,Producto económico seleccionado 01,"Producto económico seleccionado por Atlas Secreto. El precio puede variar según la versión, los cupones y la dirección de entrega.",Menos de 10 | Virales | Tecnología,https://placehold.co/900x900/111821/d6ad52?text=Menos+de+10+01,Ver precio actual,"Desde 1,13 USD",False,2026-07-18
1005007597439198,https://www.aliexpress.com/item/1005007597439198.html,https://s.click.aliexpress.com/e/_c4qrOk2r,Producto viral seleccionado 09,"Producto popular seleccionado por Atlas Secreto. Consulta sus características, variantes, envío y precio vigente en AliExpress.",Virales | Hogar | Aventura y viajes,https://placehold.co/900x900/111821/d6ad52?text=Virales+09,Ver precio actual,"Desde 12,81 USD",False,2026-07-18
1005006428188946,https://www.aliexpress.com/item/1005006428188946.html,https://s.click.aliexpress.com/e/_c3Cg4O1l,Producto práctico para el hogar 03,"Producto práctico para el hogar seleccionado por Atlas Secreto. Revisa medidas, materiales, variantes y disponibilidad en AliExpress.",Hogar | Virales | Menos de 10,https://placehold.co/900x900/111821/d6ad52?text=Hogar+03,Ver precio actual,"Desde 0,71 USD",False,2026-07-18
1005008281134342,https://www.aliexpress.com/item/1005008281134342.html,https://s.click.aliexpress.com/e/_c337dN5h,Producto de belleza y cuidado 03,"Producto de belleza y cuidado seleccionado por Atlas Secreto. Revisa ingredientes, modo de uso, variantes y advertencias del vendedor.",Belleza y cuidado | Menos de 10 | Virales,https://placehold.co/900x900/111821/d6ad52?text=Belleza+y+cuidado+03,Ver precio actual,"Desde 4,32 USD",False,2026-07-18
1005006608356666,https://www.aliexpress.com/item/1005006608356666.html,https://s.click.aliexpress.com/e/_c3IED16L,Accesorio para aventura y viajes 01,"Accesorio seleccionado para viajes y actividades al aire libre. Comprueba medidas, resistencia, variantes y condiciones de envío.",Aventura y viajes | Moda hombre,https://placehold.co/900x900/111821/d6ad52?text=Aventura+y+viajes+01,Ver precio actual,"Desde 21,45 USD",False,2026-07-18
1005008060435016,https://www.aliexpress.com/item/1005008060435016.html,https://s.click.aliexpress.com/e/_c3b8n4KP,Producto viral seleccionado 10,"Producto popular seleccionado por Atlas Secreto. Consulta sus características, variantes, envío y precio vigente en AliExpress.",Virales | Menos de 10,https://placehold.co/900x900/111821/d6ad52?text=Virales+10,Ver precio actual,"Desde 0,99 USD",False,2026-07-18
1005007448914445,https://www.aliexpress.com/item/1005007448914445.html,https://s.click.aliexpress.com/e/_c4SIrm59,Producto de belleza y cuidado 04,"Producto de belleza y cuidado seleccionado por Atlas Secreto. Revisa ingredientes, modo de uso, variantes y advertencias del vendedor.",Belleza y cuidado | Menos de 10,https://placehold.co/900x900/111821/d6ad52?text=Belleza+y+cuidado+04,Ver precio actual,"Desde 3,02 USD",False,2026-07-18
1005006363108582,https://www.aliexpress.com/item/1005006363108582.html,https://s.click.aliexpress.com/e/_c3IThgJZ,Producto viral seleccionado 11,"Producto popular seleccionado por Atlas Secreto. Consulta sus características, variantes, envío y precio vigente en AliExpress.",Virales | Tecnología,https://placehold.co/900x900/111821/d6ad52?text=Virales+11,Ver precio actual,"Desde 13,69 USD",False,2026-07-18
1005006635539774,https://www.aliexpress.com/item/1005006635539774.html,https://s.click.aliexpress.com/e/_c30Kbn7H,Accesorio para coche o moto 03,Accesorio seleccionado para coche o moto. Verifica la compatibilidad exacta con tu modelo antes de realizar la compra.,Coche/Moto | Virales | Menos de 10,https://placehold.co/900x900/111821/d6ad52?text=Coche%2FMoto+03,Ver precio actual,"Desde 2,41 USD",False,2026-07-18
1005010794463186,https://www.aliexpress.com/item/1005010794463186.html,https://s.click.aliexpress.com/e/_c3mW45gf,Gadget tecnológico 06,"Gadget tecnológico seleccionado por Atlas Secreto. Comprueba especificaciones, compatibilidad, variantes y disponibilidad antes de comprar.",Tecnología | Aventura y viajes | Virales,https://placehold.co/900x900/111821/d6ad52?text=Tecnolog%C3%ADa+06,Ver precio actual,"Desde 16,53 USD",False,2026-07-18
1005010601624925,https://www.aliexpress.com/item/1005010601624925.html,https://s.click.aliexpress.com/e/_c3AxKKaP,Selección de moda para mujer 06,"Artículo de moda femenina seleccionado por Atlas Secreto. Consulta tallas, colores, composición, envío y disponibilidad en AliExpress.",Moda mujer,https://placehold.co/900x900/111821/d6ad52?text=Moda+mujer+06,Ver precio actual,"Desde 17,06 USD",False,2026-07-18
1005009014707202,https://www.aliexpress.com/item/1005009014707202.html,https://s.click.aliexpress.com/e/_c4o3Ixf5,Accesorio para coche o moto 04,Accesorio seleccionado para coche o moto. Verifica la compatibilidad exacta con tu modelo antes de realizar la compra.,Coche/Moto | Virales,https://placehold.co/900x900/111821/d6ad52?text=Coche%2FMoto+04,Ver precio actual,"Desde 15,04 USD",False,2026-07-18
1005006513437185,https://www.aliexpress.com/item/1005006513437185.html,https://s.click.aliexpress.com/e/_c4d4Qabh,Accesorio para coche o moto 05,Accesorio seleccionado para coche o moto. Verifica la compatibilidad exacta con tu modelo antes de realizar la compra.,Coche/Moto | Menos de 10,https://placehold.co/900x900/111821/d6ad52?text=Coche%2FMoto+05,Ver precio actual,"Desde 8,10 USD",False,2026-07-18
1005008492202456,https://www.aliexpress.com/item/1005008492202456.html,https://s.click.aliexpress.com/e/_c4oiRcgF,Gadget tecnológico 07,"Gadget tecnológico seleccionado por Atlas Secreto. Comprueba especificaciones, compatibilidad, variantes y disponibilidad antes de comprar.",Tecnología,https://placehold.co/900x900/111821/d6ad52?text=Tecnolog%C3%ADa+07,Ver precio actual,"Desde 68,63 USD",False,2026-07-18
1005007424613573,https://www.aliexpress.com/item/1005007424613573.html,https://s.click.aliexpress.com/e/_c34EhN2x,Producto económico seleccionado 02,"Producto económico seleccionado por Atlas Secreto. El precio puede variar según la versión, los cupones y la dirección de entrega.",Menos de 10 | Virales | Tecnología,https://placehold.co/900x900/111821/d6ad52?text=Menos+de+10+02,Ver precio actual,"Desde 6,07 USD",False,2026-07-18
1005009631332605,https://www.aliexpress.com/item/1005009631332605.html,https://s.click.aliexpress.com/e/_c3S3k5I7,Selección de moda para hombre 03,"Artículo de moda masculina seleccionado por Atlas Secreto. Consulta tallas, colores, materiales y disponibilidad en AliExpress.",Moda hombre | Accesorios hombre | Menos de 10,https://placehold.co/900x900/111821/d6ad52?text=Moda+hombre+03,Ver precio actual,"Desde 5,07 USD",False,2026-07-18
1005007432048702,https://www.aliexpress.com/item/1005007432048702.html,https://s.click.aliexpress.com/e/_c3s0jeTZ,Producto de belleza y cuidado 05,"Producto de belleza y cuidado seleccionado por Atlas Secreto. Revisa ingredientes, modo de uso, variantes y advertencias del vendedor.",Belleza y cuidado | Menos de 10,https://placehold.co/900x900/111821/d6ad52?text=Belleza+y+cuidado+05,Ver precio actual,"Desde 1,18 USD",False,2026-07-18
1005006615364510,https://www.aliexpress.com/item/1005006615364510.html,https://s.click.aliexpress.com/e/_c3N8pWSJ,Accesorio para hombre 03,"Accesorio masculino seleccionado por Atlas Secreto. Consulta materiales, medidas, variantes y condiciones de envío en AliExpress.",Accesorios hombre | Menos de 10,https://placehold.co/900x900/111821/d6ad52?text=Accesorios+hombre+03,Ver precio actual,"Desde 1,04 USD",False,2026-07-18
1005010725379714,https://www.aliexpress.com/item/1005010725379714.html,https://s.click.aliexpress.com/e/_c4onAQIr,Producto viral seleccionado 12,"Producto popular seleccionado por Atlas Secreto. Consulta sus características, variantes, envío y precio vigente en AliExpress.",Virales | Menos de 10,https://placehold.co/900x900/111821/d6ad52?text=Virales+12,Ver precio actual,"Desde 5,10 USD",False,2026-07-18
1005009325887249,https://www.aliexpress.com/item/1005009325887249.html,https://s.click.aliexpress.com/e/_c3GvctA7,Producto económico seleccionado 03,"Producto económico seleccionado por Atlas Secreto. El precio puede variar según la versión, los cupones y la dirección de entrega.",Menos de 10 | Virales,https://placehold.co/900x900/111821/d6ad52?text=Menos+de+10+03,Ver precio actual,"Desde 9,21 USD",False,2026-07-18
1005007518014453,https://www.aliexpress.com/item/1005007518014453.html,https://s.click.aliexpress.com/e/_c3qvkACF,Producto práctico para el hogar 04,"Producto práctico para el hogar seleccionado por Atlas Secreto. Revisa medidas, materiales, variantes y disponibilidad en AliExpress.",Hogar | Virales,https://placehold.co/900x900/111821/d6ad52?text=Hogar+04,Ver precio actual,"Desde 10,14 USD",False,2026-07-18
1005007000212667,https://www.aliexpress.com/item/1005007000212667.html,https://s.click.aliexpress.com/e/_c4BkBnHZ,Producto viral seleccionado 13,"Producto popular seleccionado por Atlas Secreto. Consulta sus características, variantes, envío y precio vigente en AliExpress.",Virales | Tecnología | Menos de 10,https://placehold.co/900x900/111821/d6ad52?text=Virales+13,Ver precio actual,"Desde 2,45 USD",False,2026-07-18
1005006292239327,https://www.aliexpress.com/item/1005006292239327.html,https://s.click.aliexpress.com/e/_c4sGq9sn,Accesorio para coche o moto 06,Accesorio seleccionado para coche o moto. Verifica la compatibilidad exacta con tu modelo antes de realizar la compra.,Coche/Moto,https://placehold.co/900x900/111821/d6ad52?text=Coche%2FMoto+06,Ver precio actual,"Desde 33,33 USD",False,2026-07-18
1005006915475056,https://www.aliexpress.com/item/1005006915475056.html,https://s.click.aliexpress.com/e/_c42eIm6n,Gadget tecnológico 08,"Gadget tecnológico seleccionado por Atlas Secreto. Comprueba especificaciones, compatibilidad, variantes y disponibilidad antes de comprar.",Tecnología,https://placehold.co/900x900/111821/d6ad52?text=Tecnolog%C3%ADa+08,Ver precio actual,"Desde 45,61 USD",False,2026-07-18
1005009850973839,https://www.aliexpress.com/item/1005009850973839.html,https://s.click.aliexpress.com/e/_c4LmXwTv,Selección de moda para mujer 07,"Artículo de moda femenina seleccionado por Atlas Secreto. Consulta tallas, colores, composición, envío y disponibilidad en AliExpress.",Moda mujer,https://placehold.co/900x900/111821/d6ad52?text=Moda+mujer+07,Ver precio actual,"Desde 46,21 USD",False,2026-07-18
1005007975336316,https://www.aliexpress.com/item/1005007975336316.html,https://s.click.aliexpress.com/e/_c4bcu0OR,Selección de moda para mujer 08,"Artículo de moda femenina seleccionado por Atlas Secreto. Consulta tallas, colores, composición, envío y disponibilidad en AliExpress.",Moda mujer,https://placehold.co/900x900/111821/d6ad52?text=Moda+mujer+08,Ver precio actual,"Desde 26,68 USD",False,2026-07-18
1005010078728375,https://www.aliexpress.com/item/1005010078728375.html,https://s.click.aliexpress.com/e/_c3aQnz91,Selección de moda para mujer 09,"Artículo de moda femenina seleccionado por Atlas Secreto. Consulta tallas, colores, composición, envío y disponibilidad en AliExpress.",Moda mujer,https://placehold.co/900x900/111821/d6ad52?text=Moda+mujer+09,Ver precio actual,"Desde 27,40 USD",False,2026-07-18
1005008684997860,https://www.aliexpress.com/item/1005008684997860.html,https://s.click.aliexpress.com/e/_c4MRXlOj,Selección de moda para mujer 10,"Artículo de moda femenina seleccionado por Atlas Secreto. Consulta tallas, colores, composición, envío y disponibilidad en AliExpress.",Moda mujer,https://placehold.co/900x900/111821/d6ad52?text=Moda+mujer+10,Ver precio actual,"Desde 28,25 USD",False,2026-07-18
1005009522692761,https://www.aliexpress.com/item/1005009522692761.html,https://s.click.aliexpress.com/e/_c374im0L,Selección de moda para mujer 11,"Artículo de moda femenina seleccionado por Atlas Secreto. Consulta tallas, colores, composición, envío y disponibilidad en AliExpress.",Moda mujer,https://placehold.co/900x900/111821/d6ad52?text=Moda+mujer+11,Ver precio actual,"Desde 15,93 USD",False,2026-07-18
1005009941377550,https://www.aliexpress.com/item/1005009941377550.html,https://s.click.aliexpress.com/e/_c4lzZP3V,Selección de moda para mujer 12,"Artículo de moda femenina seleccionado por Atlas Secreto. Consulta tallas, colores, composición, envío y disponibilidad en AliExpress.",Moda mujer,https://placehold.co/900x900/111821/d6ad52?text=Moda+mujer+12,Ver precio actual,"Desde 32,20 USD",False,2026-07-18
1005012706003963,https://www.aliexpress.com/item/1005012706003963.html,https://s.click.aliexpress.com/e/_c3qE6Wbt,"Lindo llavero de flores tejido a mano, mini maceta, colgante para mochila con diseño de planta, para mujeres y niños","Lindo llavero de flores tejido a mano, mini maceta, colgante para mochila con diseño de planta, para mujeres y niños. Producto seleccionado por Atlas Secreto. Revisa variantes, especificaciones, disponibilidad y condiciones de envío antes de comprar.",Accesorios mujer | Virales | Menos de 10,https://ae-pic-a1.aliexpress-media.com/kf/S973f88c831ea4b6e9d066a831be991ccC.jpg_480x480q75.jpg_.avif,Ver precio actual,"Desde 1,66 USD",False,2026-07-19
1005011992521157,https://www.aliexpress.com/item/1005011992521157.html,https://s.click.aliexpress.com/e/_c4nft7W3,"10/20/30 pares de calcetines con diseños de dibujos animados de Pokémon, novedosos e interesantes, para hombres y mujeres, calcetines informales para parejas al aire libre","10/20/30 pares de calcetines con diseños de dibujos animados de Pokémon, novedosos e interesantes, para hombres y mujeres, calcetines informales para parejas al aire libre. Producto seleccionado por Atlas Secreto. Revisa variantes, especificaciones, disponibilidad y condiciones de envío antes de comprar.",Moda mujer | Moda hombre | Virales | Menos de 10,https://ae-pic-a1.aliexpress-media.com/kf/Sec71bddda64246f1a326f7bfcbdfdb2bp.png_480x480.png_.avif,Ver precio actual,"Desde 7,59 USD",False,2026-07-19
1005012154893163,https://www.aliexpress.com/item/1005012154893163.html,https://s.click.aliexpress.com/e/_c4brjj2L,"3 pares de nuevos calcetines de punto para mujer con estampado de dibujos animados japoneses Pok é mon, calcetines tobilleros informales para verano para las cuatro estaciones","3 pares de nuevos calcetines de punto para mujer con estampado de dibujos animados japoneses Pok é mon, calcetines tobilleros informales para verano para las cuatro estaciones. Producto seleccionado por Atlas Secreto. Revisa variantes, especificaciones, disponibilidad y condiciones de envío antes de comprar.",Moda mujer | Virales | Menos de 10,https://ae-pic-a1.aliexpress-media.com/kf/S39e86b428da5447893b066e862c49c28V.jpg_480x480q75.jpg_.avif,Ver precio actual,"Desde 3,41 USD",False,2026-07-19
1005011991090543,https://www.aliexpress.com/item/1005011991090543.html,https://s.click.aliexpress.com/e/_c4m2UieR,"5 Pares de Calcetines de Anime Japonés, Calcetines Cortos para Mujer, Versión Coreana, Calcetines Tridimensionales Bonitos","5 Pares de Calcetines de Anime Japonés, Calcetines Cortos para Mujer, Versión Coreana, Calcetines Tridimensionales Bonitos. Producto seleccionado por Atlas Secreto. Revisa variantes, especificaciones, disponibilidad y condiciones de envío antes de comprar.",Moda mujer | Virales | Menos de 10,https://ae-pic-a1.aliexpress-media.com/kf/S303e5afc9217448889633fd3bff3bfb1A.jpg_480x480q75.jpg_.avif,Ver precio actual,"Desde 4,68 USD",False,2026-07-19
1005012100687318,https://www.aliexpress.com/item/1005012100687318.html,https://s.click.aliexpress.com/e/_c32ot2Pv,"5 pares de calcetines tobilleros de algodón con estampado de dibujos animados de Pokémon, a la moda, para parejas, cómodos y casuales, estilo anime.","5 pares de calcetines tobilleros de algodón con estampado de dibujos animados de Pokémon, a la moda, para parejas, cómodos y casuales, estilo anime.. Producto seleccionado por Atlas Secreto. Revisa variantes, especificaciones, disponibilidad y condiciones de envío antes de comprar.",Moda mujer | Moda hombre | Virales | Menos de 10,https://ae-pic-a1.aliexpress-media.com/kf/S97f10bd2fd824e1a8812563a47f12c6fq.jpg_480x480q75.jpg_.avif,Ver precio actual,"Desde 3,82 USD",False,2026-07-19
1005012092126760,https://www.aliexpress.com/item/1005012092126760.html,https://s.click.aliexpress.com/e/_c2Qapzgn,"6 Pares de Calcetines de Tobillo con Diseño de Anime de Pocket Monsters, Calcetines de Pareja para Hombre y Mujer con Estampado de Personajes de Dibujos Animados","6 Pares de Calcetines de Tobillo con Diseño de Anime de Pocket Monsters, Calcetines de Pareja para Hombre y Mujer con Estampado de Personajes de Dibujos Animados. Producto seleccionado por Atlas Secreto. Revisa variantes, especificaciones, disponibilidad y condiciones de envío antes de comprar.",Moda mujer | Moda hombre | Virales | Menos de 10,https://ae-pic-a1.aliexpress-media.com/kf/S59ee56d0afa046c898de37678fb7dae4b.png_480x480.png_.avif,Ver precio actual,"Desde 4,45 USD",False,2026-07-19
1005012058302875,https://www.aliexpress.com/item/1005012058302875.html,https://s.click.aliexpress.com/e/_c31dLUHz,"Calcetines de dibujos animados de Pokémon para hombre y mujer, moda urbana Hip Hop, novedad, divertidos, informales, cortos, invisibles, regalos de Navidad","Calcetines de dibujos animados de Pokémon para hombre y mujer, moda urbana Hip Hop, novedad, divertidos, informales, cortos, invisibles, regalos de Navidad. Producto seleccionado por Atlas Secreto. Revisa variantes, especificaciones, disponibilidad y condiciones de envío antes de comprar.",Moda mujer | Moda hombre | Virales | Menos de 10,https://ae-pic-a1.aliexpress-media.com/kf/S999df1e5a0e54d9e879f23a962acacf0i.jpg_480x480q75.jpg_.avif,Ver precio actual,"Desde 1,60 USD",False,2026-07-19
1005009694384485,https://www.aliexpress.com/item/1005009694384485.html,https://s.click.aliexpress.com/e/_c3J8KAz9,Calcetines de gato gris de Anime Kawii Jiji gatito calcetines casuales de tripulación dibujos animados Howl Calcifer calcetines cortos amantes regalos de cumpleaños para mujeres,"Calcetines de gato gris de Anime Kawii Jiji gatito calcetines casuales de tripulación dibujos animados Howl Calcifer calcetines cortos amantes regalos de cumpleaños para mujeres. Producto seleccionado por Atlas Secreto. Revisa variantes, especificaciones, disponibilidad y condiciones de envío antes de comprar.",Moda mujer | Virales | Menos de 10,https://ae-pic-a1.aliexpress-media.com/kf/Sd7d45964be034601a84135e5d460a225F.jpg_480x480q75.jpg_.avif,Ver precio actual,"Desde 3,70 USD",False,2026-07-19
1005007849234246,https://www.aliexpress.com/item/1005007849234246.html,https://s.click.aliexpress.com/e/_c3ExayUj,"Camiseta sin mangas de un hombro con Espalda descubierta, Color caramelo, ajustada, Sexy, sin cuello, informal","Camiseta sin mangas de un hombro con Espalda descubierta, Color caramelo, ajustada, Sexy, sin cuello, informal. Producto seleccionado por Atlas Secreto. Revisa variantes, especificaciones, disponibilidad y condiciones de envío antes de comprar.",Moda mujer | Virales | Menos de 10,https://ae-pic-a1.aliexpress-media.com/kf/S59dd1ac3d325475c836b93ad4cba6b90D.jpg_480x480q75.jpg_.avif,Ver precio actual,"Desde 5,83 USD",False,2026-07-19
1005008492849382,https://www.aliexpress.com/item/1005008492849382.html,https://s.click.aliexpress.com/e/_c38autPH,"Camiseta Y2K de Verano 2026 para Mujer, Cuello en V, Sexy, Moda Coreana, Ajustada, Top Corto, Manga Corta, Roja, Ropa Vintage, Estilo Kpop","Camiseta Y2K de Verano 2026 para Mujer, Cuello en V, Sexy, Moda Coreana, Ajustada, Top Corto, Manga Corta, Roja, Ropa Vintage, Estilo Kpop. Producto seleccionado por Atlas Secreto. Revisa variantes, especificaciones, disponibilidad y condiciones de envío antes de comprar.",Moda mujer | Virales | Menos de 10,https://ae-pic-a1.aliexpress-media.com/kf/Sd42bceb859cc43e1935c6b76288303aa8.jpg_480x480q75.jpg_.avif,Ver precio actual,"Desde 1,04 USD",False,2026-07-19
1005012215135247,https://www.aliexpress.com/item/1005012215135247.html,https://s.click.aliexpress.com/e/_c3X2MbYP,"Chaqueta con capucha para hombre, estilo urbano, primavera-otoño 2026, nueva, informal, con cremallera, holgada, para senderismo, jogging, actividades al aire libre, cortavientos","Chaqueta con capucha para hombre, estilo urbano, primavera-otoño 2026, nueva, informal, con cremallera, holgada, para senderismo, jogging, actividades al aire libre, cortavientos. Producto seleccionado por Atlas Secreto. Revisa variantes, especificaciones, disponibilidad y condiciones de envío antes de comprar.",Moda hombre | Aventura y viajes | Virales | Menos de 10,https://ae-pic-a1.aliexpress-media.com/kf/S2d5d32af7d9f47c78abdaa9cc7f43d0fd.jpg_480x480q75.jpg_.avif,Ver precio actual,"Desde 4,37 USD",False,2026-07-19
1005012671158528,https://www.aliexpress.com/item/1005012671158528.html,https://s.click.aliexpress.com/e/_c4tl5gvV,Conjunto de Dos Piezas de Moda Primavera/Verano para Mujer - Chaleco sin Mangas con Estampado de Rayas + Pantalones Cortos con Estampado de Rayas,"Conjunto de Dos Piezas de Moda Primavera/Verano para Mujer - Chaleco sin Mangas con Estampado de Rayas + Pantalones Cortos con Estampado de Rayas. Producto seleccionado por Atlas Secreto. Revisa variantes, especificaciones, disponibilidad y condiciones de envío antes de comprar.",Moda mujer | Virales | Menos de 10,https://ae-pic-a1.aliexpress-media.com/kf/S31ca1c6734d5482eb61f8ad24b2c88b5I.jpg_480x480q75.jpg_.avif,Ver precio actual,"Desde 9,74 USD",False,2026-07-19
1005010463233534,https://www.aliexpress.com/item/1005010463233534.html,https://s.click.aliexpress.com/e/_c4UCefAF,"Contenedores de alimentos herméticos sin BPA, 8 unidades, con tapas de bloqueo, almacenamiento de plástico PP seguro para microondas/congelador para productos…","Contenedores de alimentos herméticos sin BPA, 8 unidades, con tapas de bloqueo, almacenamiento de plástico PP seguro para microondas/congelador para productos…. Producto seleccionado por Atlas Secreto. Revisa variantes, especificaciones, disponibilidad y condiciones de envío antes de comprar.",Hogar | Virales | Menos de 10,https://ae-pic-a1.aliexpress-media.com/kf/Sc2af25e3425d42bc8af0a2b646ebe5a49.jpg_480x480q75.jpg_.avif,Ver precio actual,"Desde 3,94 USD",False,2026-07-19
1005007023244359,https://www.aliexpress.com/item/1005007023244359.html,https://s.click.aliexpress.com/e/_c4pOoRYn,"Controlador GameSir Kaleid con cable para Xbox Series X, Xbox Series S, consola Xbox One, con joystick de efecto Hall","Controlador GameSir Kaleid con cable para Xbox Series X, Xbox Series S, consola Xbox One, con joystick de efecto Hall. Producto seleccionado por Atlas Secreto. Revisa variantes, especificaciones, disponibilidad y condiciones de envío antes de comprar.",Tecnología | Virales,https://ae-pic-a1.aliexpress-media.com/kf/S14db77e3e6d646669182351b47c4e0b8i.png_480x480.png_.avif,Ver precio actual,"Desde 42,29 USD",False,2026-07-19
1005010449689318,https://www.aliexpress.com/item/1005010449689318.html,https://s.click.aliexpress.com/e/_c4kQBIJZ,"GameSir G7 Pro WUCHANG Control XBOX Mando PC Inalámbrico para Xbox Series S X One PC, Control Bluetooth para Juegos, Edición Fallen Feathers","GameSir G7 Pro WUCHANG Control XBOX Mando PC Inalámbrico para Xbox Series S X One PC, Control Bluetooth para Juegos, Edición Fallen Feathers. Producto seleccionado por Atlas Secreto. Revisa variantes, especificaciones, disponibilidad y condiciones de envío antes de comprar.",Tecnología | Virales,https://ae-pic-a1.aliexpress-media.com/kf/S407c76fa50cc4e90b99b67ad556a47c2x.jpg_480x480q75.jpg_.avif,Ver precio actual,"Desde 85,09 USD",False,2026-07-19
1005012075011234,https://www.aliexpress.com/item/1005012075011234.html,https://s.click.aliexpress.com/e/_c3IxZs4L,"Juguete Antiestrés de Barra de Mantequilla Elástica, Juguete Divertido para Apretar, Broma, Alivio del Estrés y la Ansiedad","Juguete Antiestrés de Barra de Mantequilla Elástica, Juguete Divertido para Apretar, Broma, Alivio del Estrés y la Ansiedad. Producto seleccionado por Atlas Secreto. Revisa variantes, especificaciones, disponibilidad y condiciones de envío antes de comprar.",Virales | Menos de 10,https://ae-pic-a1.aliexpress-media.com/kf/S9d801e9c9c064fe7b23fdfe03986da7ci.jpg_480x480q75.jpg_.avif,Ver precio actual,"Desde 1,46 USD",False,2026-07-19
1005012037007491,https://www.aliexpress.com/item/1005012037007491.html,https://s.click.aliexpress.com/e/_c4K6E6KJ,"Juguete Premium de Peluche con Forma de Bollo al Vapor, Bola Antiestrés de Ascenso Lento con Purpurina, Juguete Sensorial Suave y Elástico para Escritorio, Decoración para el…","Juguete Premium de Peluche con Forma de Bollo al Vapor, Bola Antiestrés de Ascenso Lento con Purpurina, Juguete Sensorial Suave y Elástico para Escritorio, Decoración para el…. Producto seleccionado por Atlas Secreto. Revisa variantes, especificaciones, disponibilidad y condiciones de envío antes de comprar.",Virales | Menos de 10,https://ae-pic-a1.aliexpress-media.com/kf/S7a85e42505624f1f859d1e4f73cfb25bK/166x64.png,Ver precio actual,"Desde 1,28 USD",False,2026-07-19
1005012297904841,https://www.aliexpress.com/item/1005012297904841.html,https://s.click.aliexpress.com/e/_c2QsSL7H,"Lentes Inteligentes Lenovo 2026, Traducción por IA, Conversación Bluetooth, Grabación, Escucha de Música, Lentes de Sol Inteligentes para Hombre y Mujer","Lentes Inteligentes Lenovo 2026, Traducción por IA, Conversación Bluetooth, Grabación, Escucha de Música, Lentes de Sol Inteligentes para Hombre y Mujer. Producto seleccionado por Atlas Secreto. Revisa variantes, especificaciones, disponibilidad y condiciones de envío antes de comprar.",Tecnología | Virales,https://ae-pic-a1.aliexpress-media.com/kf/S25e08acd163c408ba42f34bd415f29d1E.jpg_480x480q75.jpg_.avif,Ver precio actual,"Desde 11,33 USD",False,2026-07-19
1005012711396501,https://www.aliexpress.com/item/1005012711396501.html,https://s.click.aliexpress.com/e/_c3F33K0L,"Máscara Protectora Facial Universal para Motociclismo, Cuatro Estaciones, con Filtro, Transpirable, para Exteriores, Venta al Por Mayor","Máscara Protectora Facial Universal para Motociclismo, Cuatro Estaciones, con Filtro, Transpirable, para Exteriores, Venta al Por Mayor. Producto seleccionado por Atlas Secreto. Revisa variantes, especificaciones, disponibilidad y condiciones de envío antes de comprar.",Coche/Moto | Aventura y viajes | Virales | Menos de 10,https://ae-pic-a1.aliexpress-media.com/kf/S96d94b01da0c49c6a3e8ae2adb3431d6t.jpg_480x480q75.jpg_.avif,Ver precio actual,"Desde 5,19 USD",False,2026-07-19
1005007331542687,https://www.aliexpress.com/item/1005007331542687.html,https://s.click.aliexpress.com/e/_c2QyxGdl,"Minivestido de verano con tirantes finos 2026 para mujer, sexy, ajustado, para fiesta, club, camisola corta, vestido tipo tubo negro liso","Minivestido de verano con tirantes finos 2026 para mujer, sexy, ajustado, para fiesta, club, camisola corta, vestido tipo tubo negro liso. Producto seleccionado por Atlas Secreto. Revisa variantes, especificaciones, disponibilidad y condiciones de envío antes de comprar.",Moda mujer | Virales | Menos de 10,https://ae-pic-a1.aliexpress-media.com/kf/S7a85e42505624f1f859d1e4f73cfb25bK/166x64.png,Ver precio actual,"Desde 3,52 USD",False,2026-07-19
1005012716269149,https://www.aliexpress.com/item/1005012716269149.html,https://s.click.aliexpress.com/e/_c3illaNd,"Nuevo reloj inteligente para hombre y mujer, 5 GPS, Google Map, vídeo, memoria de 32G, MP3, MP4, NFC, llamadas HD, reloj deportivo resistente al agua para Android ios","Nuevo reloj inteligente para hombre y mujer, 5 GPS, Google Map, vídeo, memoria de 32G, MP3, MP4, NFC, llamadas HD, reloj deportivo resistente al agua para Android ios. Producto seleccionado por Atlas Secreto. Revisa variantes, especificaciones, disponibilidad y condiciones de envío antes de comprar.",Tecnología | Virales,https://ae-pic-a1.aliexpress-media.com/kf/S7193e74e8ea74269980193acdfed2b33Z.jpg_480x480q75.jpg_.avif,Ver precio actual,"Desde 31,20 USD",False,2026-07-19
1005012677512864,https://www.aliexpress.com/item/1005012677512864.html,https://s.click.aliexpress.com/e/_c3zBxRpZ,"Paquete de Pegatinas de la Copa Mundial de la FIFA Panini 2026, Tarjetas de Fútbol Panini, Colección de Recuerdos de Fútbol, Tarjetas de Fútbol Panini, Regalo","Paquete de Pegatinas de la Copa Mundial de la FIFA Panini 2026, Tarjetas de Fútbol Panini, Colección de Recuerdos de Fútbol, Tarjetas de Fútbol Panini, Regalo. Producto seleccionado por Atlas Secreto. Revisa variantes, especificaciones, disponibilidad y condiciones de envío antes de comprar.",Virales | Otros,https://ae-pic-a1.aliexpress-media.com/kf/Sa1b08095e51542ed9b760b0a2bf7302dI.jpg_480x480q75.jpg_.avif,Ver precio actual,"Desde 53,17 USD",False,2026-07-19
1005012416383457,https://www.aliexpress.com/item/1005012416383457.html,https://s.click.aliexpress.com/e/_c2z6OuHH,"Paw Patrols - Conjunto de pijama de 2 piezas para niños, diseño de Marshall, Rubble, Chase y Skye, ropa de dormir para el hogar, pijamas de verano, conjunto de camiseta y…","Paw Patrols - Conjunto de pijama de 2 piezas para niños, diseño de Marshall, Rubble, Chase y Skye, ropa de dormir para el hogar, pijamas de verano, conjunto de camiseta y…. Producto seleccionado por Atlas Secreto. Revisa variantes, especificaciones, disponibilidad y condiciones de envío antes de comprar.",Otros | Virales | Menos de 10,https://ae-pic-a1.aliexpress-media.com/kf/S876823ace3aa4900998cd36fa15dbb46v.jpg_480x480q75.jpg_.avif,Ver precio actual,"Desde 2,45 USD",False,2026-07-19
1005012718233227,https://www.aliexpress.com/item/1005012718233227.html,https://s.click.aliexpress.com/e/_c3iQ6mxZ,Sujetador deportivo sexy estilo bikini sin costuras con espalda abierta y tirantes finos push-up para yoga y gimnasio para mujer,"Sujetador deportivo sexy estilo bikini sin costuras con espalda abierta y tirantes finos push-up para yoga y gimnasio para mujer. Producto seleccionado por Atlas Secreto. Revisa variantes, especificaciones, disponibilidad y condiciones de envío antes de comprar.",Moda mujer | Virales | Menos de 10,https://ae-pic-a1.aliexpress-media.com/kf/S200e26fc7c04403ba1e3398b1f006f419.jpg_480x480q75.jpg_.avif,Ver precio actual,"Desde 5,51 USD",False,2026-07-19
1005006082773299,https://www.aliexpress.com/item/1005006082773299.html,https://s.click.aliexpress.com/e/_c3o20OCj,"Top corto amarillo con tirantes para mujer y niña, ropa informal elástica, camiseta sin mangas con espalda descubierta","Top corto amarillo con tirantes para mujer y niña, ropa informal elástica, camiseta sin mangas con espalda descubierta. Producto seleccionado por Atlas Secreto. Revisa variantes, especificaciones, disponibilidad y condiciones de envío antes de comprar.",Moda mujer | Virales | Menos de 10,https://ae-pic-a1.aliexpress-media.com/kf/S60253cb75ee047869d16397f6232e0ccf.jpg_480x480q75.jpg_.avif,Ver precio actual,"Desde 5,70 USD",False,2026-07-19
1005007249420389,https://www.aliexpress.com/item/1005007249420389.html,https://s.click.aliexpress.com/e/_c3LlpMxt,"Top Sexy con hombros descubiertos para mujer, trajes de fiesta para discoteca, tubo puro sin mangas, espalda descubierta, Top corto de verano para mujer 2025","Top Sexy con hombros descubiertos para mujer, trajes de fiesta para discoteca, tubo puro sin mangas, espalda descubierta, Top corto de verano para mujer 2025. Producto seleccionado por Atlas Secreto. Revisa variantes, especificaciones, disponibilidad y condiciones de envío antes de comprar.",Moda mujer | Virales | Menos de 10,https://ae-pic-a1.aliexpress-media.com/kf/S7a85e42505624f1f859d1e4f73cfb25bK/166x64.png,Ver precio actual,"Desde 3,45 USD",False,2026-07-19
1005009505761871,https://www.aliexpress.com/item/1005009505761871.html,https://s.click.aliexpress.com/e/_c3WL9MEr,"Tops sin mangas de Hello Kitty para niñas, ropa deportiva Y2K, chaleco de verano, pantalones cortos de dibujos animados, conjunto de ropa para el hogar con estampado de Anime a la…","Tops sin mangas de Hello Kitty para niñas, ropa deportiva Y2K, chaleco de verano, pantalones cortos de dibujos animados, conjunto de ropa para el hogar con estampado de Anime a la…. Producto seleccionado por Atlas Secreto. Revisa variantes, especificaciones, disponibilidad y condiciones de envío antes de comprar.",Moda mujer | Virales | Menos de 10,https://ae-pic-a1.aliexpress-media.com/kf/Sbf88192407e64deb85458907e0742b5el.jpg_480x480q75.jpg_.avif,Ver precio actual,"Desde 4,90 USD",False,2026-07-19
1005004184175236,https://www.aliexpress.com/item/1005004184175236.html,https://s.click.aliexpress.com/e/_c4VUvZnN,"Vestido de camiseta informal de verano para mujer, vestidos de playa con bolsillos, vestido de camiseta holgado de talla grande","Vestido de camiseta informal de verano para mujer, vestidos de playa con bolsillos, vestido de camiseta holgado de talla grande. Producto seleccionado por Atlas Secreto. Revisa variantes, especificaciones, disponibilidad y condiciones de envío antes de comprar.",Moda mujer | Virales | Menos de 10,https://ae-pic-a1.aliexpress-media.com/kf/Seee786c0479f4e068c9419aeba6b025bb.jpg_480x480q75.jpg_.avif,Ver precio actual,"Desde 4,88 USD",False,2026-07-19
1005007501780567,https://www.aliexpress.com/item/1005007501780567.html,https://s.click.aliexpress.com/e/_c4VrM6ob,"TURZX pantalla secundaria IPS USB de 3,5/5 pulgadas para ordenador CPU GPU RAM HDD Monitor tipo C pantalla NO AIDA64 LCD para Windows 10 11","TURZX pantalla secundaria IPS USB de 3,5/5 pulgadas para ordenador CPU GPU RAM HDD Monitor tipo C pantalla NO AIDA64 LCD para Windows 10 11. Producto seleccionado por Atlas Secreto. Revisa variantes, especificaciones, disponibilidad y condiciones de envío antes de comprar.",Tecnología | Virales | Menos de 10,https://ae-pic-a1.aliexpress-media.com/kf/S0f63acb2cb3446938e5111dde665f15cH.jpg_480x480q75.jpg_.avif,Ver precio actual,"Desde 9,34 USD",False,2026-07-19
1005006012781837,https://www.aliexpress.com/item/1005006012781837.html,https://s.click.aliexpress.com/e/_c3tU5gJp,Producto AliExpress 1005006012781837,"Producto nuevo pendiente de completar automáticamente con su nombre, descripción e imagen reales. Consulta variantes, precio final, envío y disponibilidad en AliExpress.",Virales,https://placehold.co/900x900/111821/d6ad52?text=Pendiente+1005006012781837,Ver precio actual,,False,2026-07-19
1005006036563565,https://www.aliexpress.com/item/1005006036563565.html,https://s.click.aliexpress.com/e/_c3ELWOCj,Producto AliExpress 1005006036563565,"Producto nuevo pendiente de completar automáticamente con su nombre, descripción e imagen reales. Consulta variantes, precio final, envío y disponibilidad en AliExpress.",Virales,https://placehold.co/900x900/111821/d6ad52?text=Pendiente+1005006036563565,Ver precio actual,,False,2026-07-19
1005008172728192,https://www.aliexpress.com/item/1005008172728192.html,https://s.click.aliexpress.com/e/_c3NbO1Qj,Producto AliExpress 1005008172728192,"Producto nuevo pendiente de completar automáticamente con su nombre, descripción e imagen reales. Consulta variantes, precio final, envío y disponibilidad en AliExpress.",Virales,https://placehold.co/900x900/111821/d6ad52?text=Pendiente+1005008172728192,Ver precio actual,,False,2026-07-19
1005010151336476,https://www.aliexpress.com/item/1005010151336476.html,https://s.click.aliexpress.com/e/_c3ouwEaB,Producto AliExpress 1005010151336476,"Producto nuevo pendiente de completar automáticamente con su nombre, descripción e imagen reales. Consulta variantes, precio final, envío y disponibilidad en AliExpress.",Virales,https://placehold.co/900x900/111821/d6ad52?text=Pendiente+1005010151336476,Ver precio actual,,False,2026-07-19
4001297281637,https://www.aliexpress.com/item/4001297281637.html,https://s.click.aliexpress.com/e/_c3UPef7H,Producto AliExpress 4001297281637,"Producto nuevo pendiente de completar automáticamente con su nombre, descripción e imagen reales. Consulta variantes, precio final, envío y disponibilidad en AliExpress.",Virales,https://placehold.co/900x900/111821/d6ad52?text=Pendiente+4001297281637,Ver precio actual,,False,2026-07-19
1005005737742955,https://www.aliexpress.com/item/1005005737742955.html,https://s.click.aliexpress.com/e/_c3ftHA0L,Producto AliExpress 1005005737742955,"Producto nuevo pendiente de completar automáticamente con su nombre, descripción e imagen reales. Consulta variantes, precio final, envío y disponibilidad en AliExpress.",Virales,https://placehold.co/900x900/111821/d6ad52?text=Pendiente+1005005737742955,Ver precio actual,,False,2026-07-19
1005005956163255,https://www.aliexpress.com/item/1005005956163255.html,https://s.click.aliexpress.com/e/_c4k4AURv,Producto AliExpress 1005005956163255,"Producto nuevo pendiente de completar automáticamente con su nombre, descripción e imagen reales. Consulta variantes, precio final, envío y disponibilidad en AliExpress.",Virales,https://placehold.co/900x900/111821/d6ad52?text=Pendiente+1005005956163255,Ver precio actual,,False,2026-07-19
1005003727030683,https://www.aliexpress.com/item/1005003727030683.html,https://s.click.aliexpress.com/e/_c41CYt8f,Producto AliExpress 1005003727030683,"Producto nuevo pendiente de completar automáticamente con su nombre, descripción e imagen reales. Consulta variantes, precio final, envío y disponibilidad en AliExpress.",Virales,https://placehold.co/900x900/111821/d6ad52?text=Pendiente+1005003727030683,Ver precio actual,,False,2026-07-19
1005001620967213,https://www.aliexpress.com/item/1005001620967213.html,https://s.click.aliexpress.com/e/_c3HzkHrV,Producto AliExpress 1005001620967213,"Producto nuevo pendiente de completar automáticamente con su nombre, descripción e imagen reales. Consulta variantes, precio final, envío y disponibilidad en AliExpress.",Virales,https://placehold.co/900x900/111821/d6ad52?text=Pendiente+1005001620967213,Ver precio actual,,False,2026-07-19
1005011624777735,https://www.aliexpress.com/item/1005011624777735.html,https://s.click.aliexpress.com/e/_c2RFBPLz,Producto AliExpress 1005011624777735,"Producto nuevo pendiente de completar automáticamente con su nombre, descripción e imagen reales. Consulta variantes, precio final, envío y disponibilidad en AliExpress.",Virales,https://placehold.co/900x900/111821/d6ad52?text=Pendiente+1005011624777735,Ver precio actual,,False,2026-07-19
1005011986090974,https://www.aliexpress.com/item/1005011986090974.html,https://s.click.aliexpress.com/e/_c30zHwc3,Producto AliExpress 1005011986090974,"Producto nuevo pendiente de completar automáticamente con su nombre, descripción e imagen reales. Consulta variantes, precio final, envío y disponibilidad en AliExpress.",Virales,https://placehold.co/900x900/111821/d6ad52?text=Pendiente+1005011986090974,Ver precio actual,,False,2026-07-19
1005003338096182,https://www.aliexpress.com/item/1005003338096182.html,https://s.click.aliexpress.com/e/_c2xzPObh,Producto AliExpress 1005003338096182,"Producto nuevo pendiente de completar automáticamente con su nombre, descripción e imagen reales. Consulta variantes, precio final, envío y disponibilidad en AliExpress.",Virales,https://placehold.co/900x900/111821/d6ad52?text=Pendiente+1005003338096182,Ver precio actual,,False,2026-07-19
1005010768830892,https://www.aliexpress.com/item/1005010768830892.html,https://s.click.aliexpress.com/e/_c2Qia7fz,Producto AliExpress 1005010768830892,"Producto nuevo pendiente de completar automáticamente con su nombre, descripción e imagen reales. Consulta variantes, precio final, envío y disponibilidad en AliExpress.",Virales,https://placehold.co/900x900/111821/d6ad52?text=Pendiente+1005010768830892,Ver precio actual,,False,2026-07-19
1005008170738453,https://www.aliexpress.com/item/1005008170738453.html,https://s.click.aliexpress.com/e/_c4Bf8vgB,Producto AliExpress 1005008170738453,"Producto nuevo pendiente de completar automáticamente con su nombre, descripción e imagen reales. Consulta variantes, precio final, envío y disponibilidad en AliExpress.",Virales,https://placehold.co/900x900/111821/d6ad52?text=Pendiente+1005008170738453,Ver precio actual,,False,2026-07-19
1005008596859041,https://www.aliexpress.com/item/1005008596859041.html,https://s.click.aliexpress.com/e/_c3WAMBZp,Producto AliExpress 1005008596859041,"Producto nuevo pendiente de completar automáticamente con su nombre, descripción e imagen reales. Consulta variantes, precio final, envío y disponibilidad en AliExpress.",Virales,https://placehold.co/900x900/111821/d6ad52?text=Pendiente+1005008596859041,Ver precio actual,,False,2026-07-19
1005004922876166,https://www.aliexpress.com/item/1005004922876166.html,https://s.click.aliexpress.com/e/_c3oeFmfv,Producto AliExpress 1005004922876166,"Producto nuevo pendiente de completar automáticamente con su nombre, descripción e imagen reales. Consulta variantes, precio final, envío y disponibilidad en AliExpress.",Virales,https://placehold.co/900x900/111821/d6ad52?text=Pendiente+1005004922876166,Ver precio actual,,False,2026-07-19
1005005759723525,https://www.aliexpress.com/item/1005005759723525.html,https://s.click.aliexpress.com/e/_c4VKW2n1,Producto AliExpress 1005005759723525,"Producto nuevo pendiente de completar automáticamente con su nombre, descripción e imagen reales. Consulta variantes, precio final, envío y disponibilidad en AliExpress.",Virales,https://placehold.co/900x900/111821/d6ad52?text=Pendiente+1005005759723525,Ver precio actual,,False,2026-07-19
1005007387509167,https://www.aliexpress.com/item/1005007387509167.html,https://s.click.aliexpress.com/e/_c3apNqUT,Producto AliExpress 1005007387509167,"Producto nuevo pendiente de completar automáticamente con su nombre, descripción e imagen reales. Consulta variantes, precio final, envío y disponibilidad en AliExpress.",Virales,https://placehold.co/900x900/111821/d6ad52?text=Pendiente+1005007387509167,Ver precio actual,,False,2026-07-19
1005009484298757,https://www.aliexpress.com/item/1005009484298757.html,https://s.click.aliexpress.com/e/_c3lkm5tD,Producto AliExpress 1005009484298757,"Producto nuevo pendiente de completar automáticamente con su nombre, descripción e imagen reales. Consulta variantes, precio final, envío y disponibilidad en AliExpress.",Virales,https://placehold.co/900x900/111821/d6ad52?text=Pendiente+1005009484298757,Ver precio actual,,False,2026-07-19
1005006099598522,https://www.aliexpress.com/item/1005006099598522.html,https://s.click.aliexpress.com/e/_c3Vv7ktd,Producto AliExpress 1005006099598522,"Producto nuevo pendiente de completar automáticamente con su nombre, descripción e imagen reales. Consulta variantes, precio final, envío y disponibilidad en AliExpress.",Virales,https://placehold.co/900x900/111821/d6ad52?text=Pendiente+1005006099598522,Ver precio actual,,False,2026-07-19
4000933550120,https://www.aliexpress.com/item/4000933550120.html,https://s.click.aliexpress.com/e/_c436cFEb,Producto AliExpress 4000933550120,"Producto nuevo pendiente de completar automáticamente con su nombre, descripción e imagen reales. Consulta variantes, precio final, envío y disponibilidad en AliExpress.",Virales,https://placehold.co/900x900/111821/d6ad52?text=Pendiente+4000933550120,Ver precio actual,,False,2026-07-19
1005006624312209,https://www.aliexpress.com/item/1005006624312209.html,https://s.click.aliexpress.com/e/_c3sez4l9,Producto AliExpress 1005006624312209,"Producto nuevo pendiente de completar automáticamente con su nombre, descripción e imagen reales. Consulta variantes, precio final, envío y disponibilidad en AliExpress.",Virales,https://placehold.co/900x900/111821/d6ad52?text=Pendiente+1005006624312209,Ver precio actual,,False,2026-07-19
1005006345368259,https://www.aliexpress.com/item/1005006345368259.html,https://s.click.aliexpress.com/e/_c4LRHtgf,Producto AliExpress 1005006345368259,"Producto nuevo pendiente de completar automáticamente con su nombre, descripción e imagen reales. Consulta variantes, precio final, envío y disponibilidad en AliExpress.",Virales,https://placehold.co/900x900/111821/d6ad52?text=Pendiente+1005006345368259,Ver precio actual,,False,2026-07-19
1005003049012312,https://www.aliexpress.com/item/1005003049012312.html,https://s.click.aliexpress.com/e/_c4Bnr8DV,Producto AliExpress 1005003049012312,"Producto nuevo pendiente de completar automáticamente con su nombre, descripción e imagen reales. Consulta variantes, precio final, envío y disponibilidad en AliExpress.",Virales,https://placehold.co/900x900/111821/d6ad52?text=Pendiente+1005003049012312,Ver precio actual,,False,2026-07-19
1005009595198163,https://www.aliexpress.com/item/1005009595198163.html,https://s.click.aliexpress.com/e/_c42EC6yF,Producto AliExpress 1005009595198163,"Producto nuevo pendiente de completar automáticamente con su nombre, descripción e imagen reales. Consulta variantes, precio final, envío y disponibilidad en AliExpress.",Virales,https://placehold.co/900x900/111821/d6ad52?text=Pendiente+1005009595198163,Ver precio actual,,False,2026-07-19
1005006955187109,https://www.aliexpress.com/item/1005006955187109.html,https://s.click.aliexpress.com/e/_c3SRA3a3,Producto AliExpress 1005006955187109,"Producto nuevo pendiente de completar automáticamente con su nombre, descripción e imagen reales. Consulta variantes, precio final, envío y disponibilidad en AliExpress.",Virales,https://placehold.co/900x900/111821/d6ad52?text=Pendiente+1005006955187109,Ver precio actual,,False,2026-07-19
1005008878618165,https://www.aliexpress.com/item/1005008878618165.html,https://s.click.aliexpress.com/e/_c4OUjDyX,Producto AliExpress 1005008878618165,"Producto nuevo pendiente de completar automáticamente con su nombre, descripción e imagen reales. Consulta variantes, precio final, envío y disponibilidad en AliExpress.",Virales,https://placehold.co/900x900/111821/d6ad52?text=Pendiente+1005008878618165,Ver precio actual,,False,2026-07-19
1005006943108856,https://www.aliexpress.com/item/1005006943108856.html,https://s.click.aliexpress.com/e/_c4cZZs5N,Producto AliExpress 1005006943108856,"Producto nuevo pendiente de completar automáticamente con su nombre, descripción e imagen reales. Consulta variantes, precio final, envío y disponibilidad en AliExpress.",Virales,https://placehold.co/900x900/111821/d6ad52?text=Pendiente+1005006943108856,Ver precio actual,,False,2026-07-19
1005008517377656,https://www.aliexpress.com/item/1005008517377656.html,https://s.click.aliexpress.com/e/_c2vL6m3Z,Producto AliExpress 1005008517377656,"Producto nuevo pendiente de completar automáticamente con su nombre, descripción e imagen reales. Consulta variantes, precio final, envío y disponibilidad en AliExpress.",Virales,https://placehold.co/900x900/111821/d6ad52?text=Pendiente+1005008517377656,Ver precio actual,,False,2026-07-19
1005008205688527,https://www.aliexpress.com/item/1005008205688527.html,https://s.click.aliexpress.com/e/_c426NuU7,Producto AliExpress 1005008205688527,"Producto nuevo pendiente de completar automáticamente con su nombre, descripción e imagen reales. Consulta variantes, precio final, envío y disponibilidad en AliExpress.",Virales,https://placehold.co/900x900/111821/d6ad52?text=Pendiente+1005008205688527,Ver precio actual,,False,2026-07-19
1005005567682818,https://www.aliexpress.com/item/1005005567682818.html,https://s.click.aliexpress.com/e/_c3qXSZtD,Producto AliExpress 1005005567682818,"Producto nuevo pendiente de completar automáticamente con su nombre, descripción e imagen reales. Consulta variantes, precio final, envío y disponibilidad en AliExpress.",Virales,https://placehold.co/900x900/111821/d6ad52?text=Pendiente+1005005567682818,Ver precio actual,,False,2026-07-19
1005007729760231,https://www.aliexpress.com/item/1005007729760231.html,https://s.click.aliexpress.com/e/_c31S3Yl9,Producto AliExpress 1005007729760231,"Producto nuevo pendiente de completar automáticamente con su nombre, descripción e imagen reales. Consulta variantes, precio final, envío y disponibilidad en AliExpress.",Virales,https://placehold.co/900x900/111821/d6ad52?text=Pendiente+1005007729760231,Ver precio actual,,False,2026-07-19
1005006150257209,https://www.aliexpress.com/item/1005006150257209.html,https://s.click.aliexpress.com/e/_c4SEoSZd,Producto AliExpress 1005006150257209,"Producto nuevo pendiente de completar automáticamente con su nombre, descripción e imagen reales. Consulta variantes, precio final, envío y disponibilidad en AliExpress.",Virales,https://placehold.co/900x900/111821/d6ad52?text=Pendiente+1005006150257209,Ver precio actual,,False,2026-07-19
1005006373451365,https://www.aliexpress.com/item/1005006373451365.html,https://s.click.aliexpress.com/e/_c2RJaXzv,Producto AliExpress 1005006373451365,"Producto nuevo pendiente de completar automáticamente con su nombre, descripción e imagen reales. Consulta variantes, precio final, envío y disponibilidad en AliExpress.",Virales,https://placehold.co/900x900/111821/d6ad52?text=Pendiente+1005006373451365,Ver precio actual,,False,2026-07-19
1005001265801355,https://www.aliexpress.com/item/1005001265801355.html,https://s.click.aliexpress.com/e/_c4sQsgnt,Producto AliExpress 1005001265801355,"Producto nuevo pendiente de completar automáticamente con su nombre, descripción e imagen reales. Consulta variantes, precio final, envío y disponibilidad en AliExpress.",Virales,https://placehold.co/900x900/111821/d6ad52?text=Pendiente+1005001265801355,Ver precio actual,,False,2026-07-19
1005009952532117,https://www.aliexpress.com/item/1005009952532117.html,https://s.click.aliexpress.com/e/_c2R5oJ2j,Producto AliExpress 1005009952532117,"Producto nuevo pendiente de completar automáticamente con su nombre, descripción e imagen reales. Consulta variantes, precio final, envío y disponibilidad en AliExpress.",Virales,https://placehold.co/900x900/111821/d6ad52?text=Pendiente+1005009952532117,Ver precio actual,,False,2026-07-19
1005008626130737,https://www.aliexpress.com/item/1005008626130737.html,https://s.click.aliexpress.com/e/_c3khhWiP,Producto AliExpress 1005008626130737,"Producto nuevo pendiente de completar automáticamente con su nombre, descripción e imagen reales. Consulta variantes, precio final, envío y disponibilidad en AliExpress.",Virales,https://placehold.co/900x900/111821/d6ad52?text=Pendiente+1005008626130737,Ver precio actual,,False,2026-07-19
1005005458241595,https://www.aliexpress.com/item/1005005458241595.html,https://s.click.aliexpress.com/e/_c4TvDfbz,Producto AliExpress 1005005458241595,"Producto nuevo pendiente de completar automáticamente con su nombre, descripción e imagen reales. Consulta variantes, precio final, envío y disponibilidad en AliExpress.",Virales,https://placehold.co/900x900/111821/d6ad52?text=Pendiente+1005005458241595,Ver precio actual,,False,2026-07-19
1005006589678350,https://www.aliexpress.com/item/1005006589678350.html,https://s.click.aliexpress.com/e/_c2yRBWQB,Producto AliExpress 1005006589678350,"Producto nuevo pendiente de completar automáticamente con su nombre, descripción e imagen reales. Consulta variantes, precio final, envío y disponibilidad en AliExpress.",Virales,https://placehold.co/900x900/111821/d6ad52?text=Pendiente+1005006589678350,Ver precio actual,,False,2026-07-19
1005006204456238,https://www.aliexpress.com/item/1005006204456238.html,https://s.click.aliexpress.com/e/_c44tOavV,Producto AliExpress 1005006204456238,"Producto nuevo pendiente de completar automáticamente con su nombre, descripción e imagen reales. Consulta variantes, precio final, envío y disponibilidad en AliExpress.",Virales,https://placehold.co/900x900/111821/d6ad52?text=Pendiente+1005006204456238,Ver precio actual,,False,2026-07-19
1005008247579935,https://www.aliexpress.com/item/1005008247579935.html,https://s.click.aliexpress.com/e/_c4BtMJHt,Producto AliExpress 1005008247579935,"Producto nuevo pendiente de completar automáticamente con su nombre, descripción e imagen reales. Consulta variantes, precio final, envío y disponibilidad en AliExpress.",Virales,https://placehold.co/900x900/111821/d6ad52?text=Pendiente+1005008247579935,Ver precio actual,,False,2026-07-19
1005008466263332,https://www.aliexpress.com/item/1005008466263332.html,https://s.click.aliexpress.com/e/_c2QfQjsR,Producto AliExpress 1005008466263332,"Producto nuevo pendiente de completar automáticamente con su nombre, descripción e imagen reales. Consulta variantes, precio final, envío y disponibilidad en AliExpress.",Virales,https://placehold.co/900x900/111821/d6ad52?text=Pendiente+1005008466263332,Ver precio actual,,False,2026-07-19
1005006914061582,https://www.aliexpress.com/item/1005006914061582.html,https://s.click.aliexpress.com/e/_c4lVvhNZ,Producto AliExpress 1005006914061582,"Producto nuevo pendiente de completar automáticamente con su nombre, descripción e imagen reales. Consulta variantes, precio final, envío y disponibilidad en AliExpress.",Virales,https://placehold.co/900x900/111821/d6ad52?text=Pendiente+1005006914061582,Ver precio actual,,False,2026-07-19
1005006984954856,https://www.aliexpress.com/item/1005006984954856.html,https://s.click.aliexpress.com/e/_c424lIZz,Producto AliExpress 1005006984954856,"Producto nuevo pendiente de completar automáticamente con su nombre, descripción e imagen reales. Consulta variantes, precio final, envío y disponibilidad en AliExpress.",Virales,https://placehold.co/900x900/111821/d6ad52?text=Pendiente+1005006984954856,Ver precio actual,,False,2026-07-19
1005009133010801,https://www.aliexpress.com/item/1005009133010801.html,https://s.click.aliexpress.com/e/_c3xflEan,Producto AliExpress 1005009133010801,"Producto nuevo pendiente de completar automáticamente con su nombre, descripción e imagen reales. Consulta variantes, precio final, envío y disponibilidad en AliExpress.",Virales,https://placehold.co/900x900/111821/d6ad52?text=Pendiente+1005009133010801,Ver precio actual,,False,2026-07-19
1005005441545741,https://www.aliexpress.com/item/1005005441545741.html,https://s.click.aliexpress.com/e/_c3YYxCAf,Producto AliExpress 1005005441545741,"Producto nuevo pendiente de completar automáticamente con su nombre, descripción e imagen reales. Consulta variantes, precio final, envío y disponibilidad en AliExpress.",Virales,https://placehold.co/900x900/111821/d6ad52?text=Pendiente+1005005441545741,Ver precio actual,,False,2026-07-19
1005005635600963,https://www.aliexpress.com/item/1005005635600963.html,https://s.click.aliexpress.com/e/_c35qrMxt,Producto AliExpress 1005005635600963,"Producto nuevo pendiente de completar automáticamente con su nombre, descripción e imagen reales. Consulta variantes, precio final, envío y disponibilidad en AliExpress.",Virales,https://placehold.co/900x900/111821/d6ad52?text=Pendiente+1005005635600963,Ver precio actual,,False,2026-07-19
1005009973090391,https://www.aliexpress.com/item/1005009973090391.html,https://s.click.aliexpress.com/e/_c3knRIBt,Producto AliExpress 1005009973090391,"Producto nuevo pendiente de completar automáticamente con su nombre, descripción e imagen reales. Consulta variantes, precio final, envío y disponibilidad en AliExpress.",Virales,https://placehold.co/900x900/111821/d6ad52?text=Pendiente+1005009973090391,Ver precio actual,,False,2026-07-19
1005005362531460,https://www.aliexpress.com/item/1005005362531460.html,https://s.click.aliexpress.com/e/_c4NVmJtp,Producto AliExpress 1005005362531460,"Producto nuevo pendiente de completar automáticamente con su nombre, descripción e imagen reales. Consulta variantes, precio final, envío y disponibilidad en AliExpress.",Virales,https://placehold.co/900x900/111821/d6ad52?text=Pendiente+1005005362531460,Ver precio actual,,False,2026-07-19
1005008832038596,https://www.aliexpress.com/item/1005008832038596.html,https://s.click.aliexpress.com/e/_c3Xe8DTz,Producto AliExpress 1005008832038596,"Producto nuevo pendiente de completar automáticamente con su nombre, descripción e imagen reales. Consulta variantes, precio final, envío y disponibilidad en AliExpress.",Virales,https://placehold.co/900x900/111821/d6ad52?text=Pendiente+1005008832038596,Ver precio actual,,False,2026-07-19
1005006837537615,https://www.aliexpress.com/item/1005006837537615.html,https://s.click.aliexpress.com/e/_c4c2UUZN,Producto AliExpress 1005006837537615,"Producto nuevo pendiente de completar automáticamente con su nombre, descripción e imagen reales. Consulta variantes, precio final, envío y disponibilidad en AliExpress.",Virales,https://placehold.co/900x900/111821/d6ad52?text=Pendiente+1005006837537615,Ver precio actual,,False,2026-07-19
1005007611962439,https://www.aliexpress.com/item/1005007611962439.html,https://s.click.aliexpress.com/e/_c3cGP8wr,Producto AliExpress 1005007611962439,"Producto nuevo pendiente de completar automáticamente con su nombre, descripción e imagen reales. Consulta variantes, precio final, envío y disponibilidad en AliExpress.",Virales,https://placehold.co/900x900/111821/d6ad52?text=Pendiente+1005007611962439,Ver precio actual,,False,2026-07-19
1005006725821346,https://www.aliexpress.com/item/1005006725821346.html,https://s.click.aliexpress.com/e/_c4TnwM55,Producto AliExpress 1005006725821346,"Producto nuevo pendiente de completar automáticamente con su nombre, descripción e imagen reales. Consulta variantes, precio final, envío y disponibilidad en AliExpress.",Virales,https://placehold.co/900x900/111821/d6ad52?text=Pendiente+1005006725821346,Ver precio actual,,False,2026-07-19
1005006155297410,https://www.aliexpress.com/item/1005006155297410.html,https://s.click.aliexpress.com/e/_c3rEgGvz,Producto AliExpress 1005006155297410,"Producto nuevo pendiente de completar automáticamente con su nombre, descripción e imagen reales. Consulta variantes, precio final, envío y disponibilidad en AliExpress.",Virales,https://placehold.co/900x900/111821/d6ad52?text=Pendiente+1005006155297410,Ver precio actual,,False,2026-07-19
1005008258662643,https://www.aliexpress.com/item/1005008258662643.html,https://s.click.aliexpress.com/e/_c33iRL6x,Producto AliExpress 1005008258662643,"Producto nuevo pendiente de completar automáticamente con su nombre, descripción e imagen reales. Consulta variantes, precio final, envío y disponibilidad en AliExpress.",Virales,https://placehold.co/900x900/111821/d6ad52?text=Pendiente+1005008258662643,Ver precio actual,,False,2026-07-19
1005009768376683,https://www.aliexpress.com/item/1005009768376683.html,https://s.click.aliexpress.com/e/_c4Vtw4hl,Producto AliExpress 1005009768376683,"Producto nuevo pendiente de completar automáticamente con su nombre, descripción e imagen reales. Consulta variantes, precio final, envío y disponibilidad en AliExpress.",Virales,https://placehold.co/900x900/111821/d6ad52?text=Pendiente+1005009768376683,Ver precio actual,,False,2026-07-19
1005005736220332,https://www.aliexpress.com/item/1005005736220332.html,https://s.click.aliexpress.com/e/_c4nl5TOb,Producto AliExpress 1005005736220332,"Producto nuevo pendiente de completar automáticamente con su nombre, descripción e imagen reales. Consulta variantes, precio final, envío y disponibilidad en AliExpress.",Virales,https://placehold.co/900x900/111821/d6ad52?text=Pendiente+1005005736220332,Ver precio actual,,False,2026-07-19
1005007100961752,https://www.aliexpress.com/item/1005007100961752.html,https://s.click.aliexpress.com/e/_c40SaKu3,Producto AliExpress 1005007100961752,"Producto nuevo pendiente de completar automáticamente con su nombre, descripción e imagen reales. Consulta variantes, precio final, envío y disponibilidad en AliExpress.",Virales,https://placehold.co/900x900/111821/d6ad52?text=Pendiente+1005007100961752,Ver precio actual,,False,2026-07-19
1005007548354153,https://www.aliexpress.com/item/1005007548354153.html,https://s.click.aliexpress.com/e/_c30pCLfz,Producto AliExpress 1005007548354153,"Producto nuevo pendiente de completar automáticamente con su nombre, descripción e imagen reales. Consulta variantes, precio final, envío y disponibilidad en AliExpress.",Virales,https://placehold.co/900x900/111821/d6ad52?text=Pendiente+1005007548354153,Ver precio actual,,False,2026-07-19
1005009782515104,https://www.aliexpress.com/item/1005009782515104.html,https://s.click.aliexpress.com/e/_c3XGBR51,Producto AliExpress 1005009782515104,"Producto nuevo pendiente de completar automáticamente con su nombre, descripción e imagen reales. Consulta variantes, precio final, envío y disponibilidad en AliExpress.",Virales,https://placehold.co/900x900/111821/d6ad52?text=Pendiente+1005009782515104,Ver precio actual,,False,2026-07-19
1005012258919495,https://www.aliexpress.com/item/1005012258919495.html,https://s.click.aliexpress.com/e/_c4CZyCGj,Producto AliExpress 1005012258919495,"Producto nuevo pendiente de completar automáticamente con su nombre, descripción e imagen reales. Consulta variantes, precio final, envío y disponibilidad en AliExpress.",Virales,https://placehold.co/900x900/111821/d6ad52?text=Pendiente+1005012258919495,Ver precio actual,,False,2026-07-19
1005011695374640,https://www.aliexpress.com/item/1005011695374640.html,https://s.click.aliexpress.com/e/_c3iAIQEB,Producto AliExpress 1005011695374640,"Producto nuevo pendiente de completar automáticamente con su nombre, descripción e imagen reales. Consulta variantes, precio final, envío y disponibilidad en AliExpress.",Virales,https://placehold.co/900x900/111821/d6ad52?text=Pendiente+1005011695374640,Ver precio actual,,False,2026-07-19
1005009251118470,https://www.aliexpress.com/item/1005009251118470.html,https://s.click.aliexpress.com/e/_c3zZXyy7,Producto AliExpress 1005009251118470,"Producto nuevo pendiente de completar automáticamente con su nombre, descripción e imagen reales. Consulta variantes, precio final, envío y disponibilidad en AliExpress.",Virales,https://placehold.co/900x900/111821/d6ad52?text=Pendiente+1005009251118470,Ver precio actual,,False,2026-07-19
1005009014240386,https://www.aliexpress.com/item/1005009014240386.html,https://s.click.aliexpress.com/e/_c35w3O31,Producto AliExpress 1005009014240386,"Producto nuevo pendiente de completar automáticamente con su nombre, descripción e imagen reales. Consulta variantes, precio final, envío y disponibilidad en AliExpress.",Virales,https://placehold.co/900x900/111821/d6ad52?text=Pendiente+1005009014240386,Ver precio actual,,False,2026-07-19
1005010588014395,https://www.aliexpress.com/item/1005010588014395.html,https://s.click.aliexpress.com/e/_c3nfo7Ax,Producto AliExpress 1005010588014395,"Producto nuevo pendiente de completar automáticamente con su nombre, descripción e imagen reales. Consulta variantes, precio final, envío y disponibilidad en AliExpress.",Virales,https://placehold.co/900x900/111821/d6ad52?text=Pendiente+1005010588014395,Ver precio actual,,False,2026-07-19
1005010408710831,https://www.aliexpress.com/item/1005010408710831.html,https://s.click.aliexpress.com/e/_c2QPdGyx,Producto AliExpress 1005010408710831,"Producto nuevo pendiente de completar automáticamente con su nombre, descripción e imagen reales. Consulta variantes, precio final, envío y disponibilidad en AliExpress.",Virales,https://placehold.co/900x900/111821/d6ad52?text=Pendiente+1005010408710831,Ver precio actual,,False,2026-07-19
1005005891273646,https://www.aliexpress.com/item/1005005891273646.html,https://s.click.aliexpress.com/e/_c3UYPzx5,Producto AliExpress 1005005891273646,"Producto nuevo pendiente de completar automáticamente con su nombre, descripción e imagen reales. Consulta variantes, precio final, envío y disponibilidad en AliExpress.",Virales,https://placehold.co/900x900/111821/d6ad52?text=Pendiente+1005005891273646,Ver precio actual,,False,2026-07-19
1005005458105667,https://www.aliexpress.com/item/1005005458105667.html,https://s.click.aliexpress.com/e/_c30HcNCB,Producto AliExpress 1005005458105667,"Producto nuevo pendiente de completar automáticamente con su nombre, descripción e imagen reales. Consulta variantes, precio final, envío y disponibilidad en AliExpress.",Virales,https://placehold.co/900x900/111821/d6ad52?text=Pendiente+1005005458105667,Ver precio actual,,False,2026-07-19
1005005480076722,https://www.aliexpress.com/item/1005005480076722.html,https://s.click.aliexpress.com/e/_c4KCeS2X,Producto AliExpress 1005005480076722,"Producto nuevo pendiente de completar automáticamente con su nombre, descripción e imagen reales. Consulta variantes, precio final, envío y disponibilidad en AliExpress.",Virales,https://placehold.co/900x900/111821/d6ad52?text=Pendiente+1005005480076722,Ver precio actual,,False,2026-07-19
1005001381724177,https://www.aliexpress.com/item/1005001381724177.html,https://s.click.aliexpress.com/e/_c3KZR6T1,Producto AliExpress 1005001381724177,"Producto nuevo pendiente de completar automáticamente con su nombre, descripción e imagen reales. Consulta variantes, precio final, envío y disponibilidad en AliExpress.",Virales,https://placehold.co/900x900/111821/d6ad52?text=Pendiente+1005001381724177,Ver precio actual,,False,2026-07-19
1005010159886702,https://www.aliexpress.com/item/1005010159886702.html,https://s.click.aliexpress.com/e/_c3ywmBlD,Producto AliExpress 1005010159886702,"Producto nuevo pendiente de completar automáticamente con su nombre, descripción e imagen reales. Consulta variantes, precio final, envío y disponibilidad en AliExpress.",Virales,https://placehold.co/900x900/111821/d6ad52?text=Pendiente+1005010159886702,Ver precio actual,,False,2026-07-19
1005009296847612,https://www.aliexpress.com/item/1005009296847612.html,https://s.click.aliexpress.com/e/_c4r3T4UL,Producto AliExpress 1005009296847612,"Producto nuevo pendiente de completar automáticamente con su nombre, descripción e imagen reales. Consulta variantes, precio final, envío y disponibilidad en AliExpress.",Virales,https://placehold.co/900x900/111821/d6ad52?text=Pendiente+1005009296847612,Ver precio actual,,False,2026-07-19
1005006339647483,https://www.aliexpress.com/item/1005006339647483.html,https://s.click.aliexpress.com/e/_c39ScTon,Producto AliExpress 1005006339647483,"Producto nuevo pendiente de completar automáticamente con su nombre, descripción e imagen reales. Consulta variantes, precio final, envío y disponibilidad en AliExpress.",Virales,https://placehold.co/900x900/111821/d6ad52?text=Pendiente+1005006339647483,Ver precio actual,,False,2026-07-19
1005012160210362,https://www.aliexpress.com/item/1005012160210362.html,https://s.click.aliexpress.com/e/_c3KGeIp5,Producto AliExpress 1005012160210362,"Producto nuevo pendiente de completar automáticamente con su nombre, descripción e imagen reales. Consulta variantes, precio final, envío y disponibilidad en AliExpress.",Virales,https://placehold.co/900x900/111821/d6ad52?text=Pendiente+1005012160210362,Ver precio actual,,False,2026-07-19
1005008650939340,https://www.aliexpress.com/item/1005008650939340.html,https://s.click.aliexpress.com/e/_c3pFHCMF,Producto AliExpress 1005008650939340,"Producto nuevo pendiente de completar automáticamente con su nombre, descripción e imagen reales. Consulta variantes, precio final, envío y disponibilidad en AliExpress.",Virales,https://placehold.co/900x900/111821/d6ad52?text=Pendiente+1005008650939340,Ver precio actual,,False,2026-07-19
4001326088295,https://www.aliexpress.com/item/4001326088295.html,https://s.click.aliexpress.com/e/_c4o25P7z,Producto AliExpress 4001326088295,"Producto nuevo pendiente de completar automáticamente con su nombre, descripción e imagen reales. Consulta variantes, precio final, envío y disponibilidad en AliExpress.",Virales,https://placehold.co/900x900/111821/d6ad52?text=Pendiente+4001326088295,Ver precio actual,,False,2026-07-19
1005010454835972,https://www.aliexpress.com/item/1005010454835972.html,https://s.click.aliexpress.com/e/_c3qBihcR,Producto AliExpress 1005010454835972,"Producto nuevo pendiente de completar automáticamente con su nombre, descripción e imagen reales. Consulta variantes, precio final, envío y disponibilidad en AliExpress.",Virales,https://placehold.co/900x900/111821/d6ad52?text=Pendiente+1005010454835972,Ver precio actual,,False,2026-07-19
1005008375193732,https://www.aliexpress.com/item/1005008375193732.html,https://s.click.aliexpress.com/e/_c3VAHHdv,Producto AliExpress 1005008375193732,"Producto nuevo pendiente de completar automáticamente con su nombre, descripción e imagen reales. Consulta variantes, precio final, envío y disponibilidad en AliExpress.",Virales,https://placehold.co/900x900/111821/d6ad52?text=Pendiente+1005008375193732,Ver precio actual,,False,2026-07-19
1005007161989400,https://www.aliexpress.com/item/1005007161989400.html,https://s.click.aliexpress.com/e/_c3fToyfv,Producto AliExpress 1005007161989400,"Producto nuevo pendiente de completar automáticamente con su nombre, descripción e imagen reales. Consulta variantes, precio final, envío y disponibilidad en AliExpress.",Virales,https://placehold.co/900x900/111821/d6ad52?text=Pendiente+1005007161989400,Ver precio actual,,False,2026-07-19
